rn,id,e_bnb,d_bnb,bnb,e_bnt,d_bnt,bnt,total_net_balance_usdt
1,6f04fbf104a9d3f986c1e1606b7bb3130ff5edfacc3ffe2aa41302d5b5cbd675,0,0,0,0,0,0,0
2,5948e4e248cf9a7fb4883625d2511788938d36d8e786a9d12d85e4e17796e5f3,0,0,0,0,0,0,0
3,eea87df25de4d580dcb8c9ee20d55308b0883e5052236a3d11db77a778dfe56c,0,0,0,0,0,0,0
4,af11eb11da8b5e9c76ec52416fe2c683ac67607268274a223fa182c23660b271,0,0,0,0,0,0,0
5,9c8f5bdea3c066bbd4fbb65af6181733adf36fbafe6dc00b192bbb23d7524f14,0,0,0,0,0,0,0
6,ed38ec9642ba88d931c9910cecf8b156afe8ff035ef9f6df706b236d50db1052,0,0,0,0,0,0,0
7,fdb2aac65b48ba7a0903fd753d932a3edefb08e1d1bbee5e9ff6b694c824162b,0,0,0,0,0,0,0
8,3601e70cf0a4c6c6000f42a2e3bf3896d80e92695f778841d62667e4761e1fae,0,0,0,0,0,0,0
9,71118df8eb7cb87ce1ea957fc1229ba0a010cd55e26cf6321a54bb0e1cbba11c,0,0,0,0,0,0,0
10,1d182898a51fb46b1e8a18af2008b3f0413022a4595c10fbb09f13bf91aa1312,0,0,0,0,0,0,0
11,2aaf6965e7e0f88179b6cd8798c9565f1587dc69370aef483a23e0b1265b0c69,0,0,0,0,0,0,0
12,d663bcd1f2983ef42189e2cdd792741118bf204bbd84b9e3a7356b9a16d4798e,0,0,0,0,0,0,0
13,28993163b7e0f7777eaa7c9ae948f776845cd7a119979c5d2c3dc6adbde568e4,0,0,0,0,0,0,0
14,c6d85e9307e90b97ffe6aed117113fb685ad46596d4c6a7d04991bf7e31f32fb,0,0,0,0,0,0,0
15,1b25eaee9c0d7337406ac131522df7ec926465ee9056d35e5c8213371256a59c,0,0,0,0,0,0,0
16,2ad948980dbddc48b108ca7cf6053847ec11d910938cd76c4e25d3d1387a7997,0,0,0,0,0,0,0
17,bc8ba2c4ce0c64a819db2583b8b3b9d6ed7a5e1ae5d14fd6c2f4d5a9d6b15705,0,0,0,0,0,0,0
18,3f3c4682e99832e40c26c679048fa11ed28e4922f5615309e0bb184f59ada10a,0,0,0,0,0,0,0
19,da79b6df4622b9407ecb97aeb13b8cd1f12a28a4d0caa8dbdbd1abe242435e51,0,0,0,0,0,0,0
20,e1e2ab18190cf6149b176416001a6fd74b0f2fe274f257751d5156e120ced0bd,0,0,0,0,0,0,0
21,762d775c2d5ca39269cb664e57325cec742b92959e09433df28513a5862f2cd0,0,0,0,0,0,0,0
22,9f241583bce0cc4140ac1749af3b28d92c144124fb33fcd8b9778418f488790d,0,0,0,0,0,0,0
23,25cf37e78b61b3fd624950596f81eabcb8881c428b56f16cba6983fd471b553a,0,0,0,0,0,0,0
24,f809f716ef8d9cb91fc07f79880370438e4b4bac680bb8b10744b14b00c67b60,0,0,0,0,0,0,0
25,3d98cdb9f837ef9eff0b6c2757d0ade6c802dfc1a8dca27fad067ec8eef38991,0,0,0,0,0,0,0
26,a877c9a56d786f091ea6728fd99271e8ed71ef555cee33d53e36f4d16fd5b0b2,0,0,0,0,0,0,0
27,04bb0de38d5f91b80c02aa3edd5611e834f4c6923ed1ae2bc9ee0c2c49095bc8,0,0,0,0,0,0,0
28,4b71f3c412a7aefa3c80378b125a3ac71b660c3d4f5f92aed24d239c1e45cb84,0,0,0,0,0,0,0
29,b12834a6809174c9775e060899ecced58357baf1aa07a05ac853e0fef3eeb173,0,0,0,0,0,0,0
30,69a3b6422ed1b17da70a7159ad019a7a645f9ed9932b94ba4df6f34ea119a07c,0,0,0,0,0,0,0
31,a9e594c5f3eb95b0a1bc3c873394c1332f1ca38e552742fdfdea04c830ffde47,0,0,0,0,0,0,0
32,a6a9633dd449d3e0b3e63a6c3fb3e530981b4a7d5c879cd288d3bfad6f77ccd3,0,0,0,0,0,0,0
33,d868d68b12aeccf06b4dcc8a8b32df6bf5fded823f4ee235a3e39c30736c2d6c,0,0,0,0,0,0,0
34,5e90bca5f67765500c7ebb7daa68a737240ce57699f7d9f83a03158b221ce37f,0,0,0,0,0,0,0
35,d0912a4cac495964c61ddd8c4278b454e5c5013d89285f0d47013a44f934f09f,0,0,0,0,0,0,0
36,d043b2ec76a3ad218cc5fa4196008ece21c7e2bcb9642c1f509a8549be241290,0,0,0,0,0,0,0
37,ba7ae224f64fad0a5cecebf409008b629ca374a7cbd4b1dd603267f408bbffaa,0,0,0,0,0,0,0
38,8fe180a1ddcca5c45d7f811938bf12a45d7ae7d3e0a6fbc37d24e8205f45fcc1,0,0,0,0,0,0,0
39,f40c80d581609fcde1f5900991115822f3727661401e594c280c5fe99b1903da,0,0,0,0,0,0,0
40,1c17cc70eaad0f90f93fc1b106625ba58d9a1dead31f09980e32d9a385408eb7,0,0,0,0,0,0,0
41,b67f7902e8065265be1e122d2c02d46e86c2d4583b79d8da3c50c6d5e2694a67,0,0,0,0,0,0,0
42,d46eede6392045d9337ff54320a3f449cf42603d932d654664fdfb0c6b9c94e6,0,0,0,0,0,0,0
43,2babfcf917d4d734736934b0d9075afd933056e2b5b70f7fbc9d051542dfc7f5,0,0,0,0,0,0,0
44,936af2cf18daa1f1ac15d4d5afddc6e8d662a657f9e1559fe9ac528b186d1b79,0,0,0,0,0,0,0
45,d9251b81433148772aab12fd69c8f61c752499922392d170458b4f0e5ca95a9a,0,0,0,0,0,0,0
46,f5c46e29afdb0ac3a2192eb94c5e44ecbcde8380279796d4fb71149b59aa999c,0,0,0,0,0,0,0
47,7078d1d59c7483174b627b57bb4fff80f61273098ecba265f3dbfa39c5a21814,0,0,0,0,0,0,0
48,0cbbd613ec04b9542d64a959a4eaf8459568cdb5f9cf04e786da1a4944a25c20,0,0,0,0,0,0,0
49,3cd6717c93f539c7492070634acc819f053364152ceff8989bcd29e469d929b9,0,0,0,0,0,0,0
50,ac359fd814ddf8cb45fbfcf7174949d001a1da7209bf6e8f65b96e8aee1a66f3,0,0,0,0,0,0,0
51,819c63690983b5e99c57c84c1fe57502ad06ad8e6676ab36296b2a0e0eefc92e,0,0,0,0,0,0,0
52,0da9e749cbfd390485a3bab6acbe3c3a6a092292294e03760e7363a09f175a88,0,0,0,0,0,0,0
53,90e90b22b1d9960c4c4c72b942e98e3e2c352a188bf0ee3f52bc3d3a664a29d0,0,0,0,0,0,0,0
54,072d81d9c1f55186ae741aa8b8c85fad528e5273b13b8fec07550c8d897784d4,0,0,0,0,0,0,0
55,340fd56e4801da29822b9f559508ad46b58c05810749dc9cbbe2cd666d0a8415,0,0,0,0,0,0,0
56,9c9352afdb4881b0327c66d957600f06c6e763f7c313dc402da39b815f830aa3,0,0,0,0,0,0,0
57,0488b24ccbeb808a8b664f98b3105a750ebada74e2e494925fec59c166a8ef62,0,0,0,0,0,0,0
58,1c9508c2b5998ee87cbcd93e3128b8e839cb87d3ff6e344ad1ce5527225713e7,0,0,0,0,0,0,0
59,d887164782fd2f9956ddf18f62c12b076821f5356459e0027ff978e9fb40ad94,0,0,0,0,0,0,0
60,62857787377f0327991447a646511767d03d3f2fe57caa5c3ddd7db8df921263,0,0,0,0,0,0,0
61,1535d6e61271d2752045fe916d487df59698c40675434c8482a734946b9521d6,0,0,0,0,0,0,0
62,7f82b2c3ba413a9cebe2c2d82a489a980339e04f85188984c06c3ba865a1ee70,0,0,0,0,0,0,0
63,8ac48ce444c4a030a3dece50ab49d79735a671a19e41f93304fcefe4a4a18861,0,0,0,0,0,0,0
64,f3fef9e1ff15bdaa96c22e7c5768410c6d7de64222be365da7f96130d02bf5e4,0,0,0,0,0,0,0
65,430b6fe26f173d495f2b40c73a95cb067cc279919954f2ba4d71af9a4472b16b,0,0,0,0,0,0,0
66,7b589c318d0999425fa1c7569ee44570431c9519fcff74a929014ba792d1445e,0,0,0,0,0,0,0
67,543356900572efd3d99656aeaac61a05f25bf752ce4a2a442916fa11455d99ea,0,0,0,0,0,0,0
68,9d5ee4abc2c33a98138487d85fe60432efedb7ef3c0e80d92677ddf15c5cfda3,0,0,0,0,0,0,0
69,f4806d3577fec9a9c2f0774c23ffd3bf8ec6a9af1e3ef8a7196bbd3b32bb554b,0,0,0,0,0,0,0
70,7c163e7fec9875b8ececb8f487bbaf1ef00230c9bb144715f4d4bf92d03df000,0,0,0,0,0,0,0
71,57dd02efd6df186a3a75ebf9cc41511b809b058a80ea21177fad78036338f133,0,0,0,0,0,0,0
72,7c88ca64ad78b4a50c3b1d2c12b3ac18935f260a4e215907ae9fc3f06d5bf640,0,0,0,0,0,0,0
73,799274f718dafb0c96f4cdde4b125e850f813816e72b40dcb4f024f107a9de33,0,0,0,0,0,0,0
74,40c39e95b3aa9c8efb34f4c7976c37ed6d5772a2dee3c1d2abf66ce73a752747,0,0,0,0,0,0,0
75,66f11f4bba67ee40459d361664ceaf9c1661aa1c5905d300307ad959f07e3bed,0,0,0,0,0,0,0
76,a5e712f10542966c0e5ae6b8d5d7c4db8bffc5135c721376e81a59d871491bde,0,0,0,0,0,0,0
77,feebedb0596cf4f2b8c9f67b864fdd77d07a278fc046097125762d9a7e7507f8,0,0,0,0,0,0,0
78,ac7df2f77e5c893b58a42b2be679eeac669e9dd6c92717b545c2be8928fe5494,0,0,0,0,0,0,0
79,511facefc8b22a7e4d3b35ca0f79238cd64213d98f894fd453d565f33ecb3bac,0,0,0,0,0,0,0
80,460b0b9e53581c67c9df05a8fad56312ddc11e4e2097317aec448e6146a1240f,0,0,0,0,0,0,0
81,64b51a4003c8835c4e7a568ff390755eced49b8be32407053e188f04a425f414,0,0,0,0,0,0,0
82,4b1aed9a2d4912847cac9d23c456d2cac816ba8a2a80d817894db224ee21d381,0,0,0,0,0,0,0
83,11a84d5cb051ac4fb9e0355eb340b5d493a1a71d316f8b0b2c6e39e3eea33f60,0,0,0,0,0,0,0
84,dfb16ae28f153604d2f51da89f48c739f7d8e099227f1b569caa78573478f8bc,0,0,0,0,0,0,0
85,f7135292ee351afeaccb76c00467b47d7239f849945ac1d183a9b9e933a79567,0,0,0,0,0,0,0
86,8efd5b710e37c91ce620c3ff4ae35d334313972976159275a55b35ae2f1539ce,0,0,0,0,0,0,0
87,8632900453373828a50b55e22c869c89ecc52b74c561789a95dd90c211d8b207,0,0,0,0,0,0,0
88,c9f7d9e5932bfd5d546c68ac5b2465425bd68d973e19089c51b325e0a0496872,0,0,0,0,0,0,0
89,0d5071a878df16765fd2fbd4c4567001eaf5711b56ae11e797c0250585e4d77b,0,0,0,0,0,0,0
90,4070cfa5b346ad92ff45fc0c70d64eeb570b9d42466c1cc38e30500e254b7dd4,0,0,0,0,0,0,0
91,81707d777ee4f0b6915e77fd2328e551afb0533df876c74b5877b6a9442ec15e,0,0,0,0,0,0,0
92,39c1a6bbf994a43a6e698f84dde178d8b2ee0aa658492e3291b2b13d9d144a18,0,0,0,0,0,0,0
93,846c31b4c83bac9b18403c403c926ca6339af22473a7f150001b68785ecdb67d,0,0,0,0,0,0,0
94,53a65e7e4ffa43d27c01e21eb2bdf84de0d0fdb90cab4af8abe61673f49aa365,0,0,0,0,0,0,0
95,7ea79c8cefcbf3be51668cdaddba673d5718c2be3e46719a1d8e0176d43cc0a4,0,0,0,0,0,0,0
96,9d7df5fe465e57f4035d0ca116255f56df5d47c8cf92193416bfd0659b16d158,0,0,0,0,0,0,0
97,6a4ca841a6e402e7630b1c5123b4eeae25a34b734be224c666f8c51795cf98f7,0,0,0,0,0,0,0
98,e6620d890ddb4107b338545f989598c1a722ec4e5f6adcb16e83463353022f41,0,0,0,0,0,0,0
99,5e44fe9cd42318c7a4fdf7ed801571d14e6ffc3ad14d7abefe19b0e23b99b67f,0,0,0,0,0,0,0
100,d8d6774ea35f723aa8067dece60af66ffd4cae14507ebf36f6532ceabde51bd2,0,0,0,0,0,0,0
101,09e8388672ba07f39cab28e641b03a5c04274d871c39657fc8e2248dbca99781,0,0,0,0,0,0,0
102,b564e3ff0b31aa07d6fec0b078590ad6ed4744f8abee4857c4e33d0858c25320,0,0,0,0,0,0,0
103,01cb62dd428d993f0ea1b290814d150f79989382d02ab45eafb9b2c4001e366f,0,0,0,0,0,0,0
104,6678b071bf872208e792ccb10bc055105175770750ba6fc2ba6f6ee7d1af0393,0,0,0,0,0,0,0
105,a631e9d5dc70f6a41708077d8df896044e5942a427ef1fade0ff8f3e01a36387,0,0,0,0,0,0,0
106,60afa04a748a936ac65ea8a8c75b627c90d4744d804da8c847b9a91542d489bc,0,0,0,0,0,0,0
107,1cf516120916d92fb2c475505ae9c2b9a9e011ce0106df5546bdaf028967204c,0,0,0,0,0,0,0
108,366f371992e6d5e1855674f6bb603beec6d745af376d9f0bbc69c7b464be6393,0,0,0,0,0,0,0
109,a8606c771232c158fbff9b4622a49d5d307162cf209e6ceeed3111473fe10ea2,0,0,0,0,0,0,0
110,4fd57cb627dc41a5e198b2acbd04b072c76722fd9706cb71ea25ab114526142c,0,0,0,0,0,0,0
111,9e71051f420ba4a70090e5e101e1057bc0335d8dce0142e9ad5707c7646b7ce8,0,0,0,0,0,0,0
112,c2bd93b12e0d163667e343a0a6644b6041f64018482a05b7b3cb37a6db2350c2,0,0,0,0,0,0,0
113,0d265bf53c3f6387bdf2d7a75b8468b614c07a29e3912286f25bbe194aa1a916,0,0,0,0,0,0,0
114,f5f1f13470c6c408b077597b8dc3ad04f7cd577e521394392e810b2be7ddfc48,0,0,0,0,0,0,0
115,daece387e6290a1550112d50f84f9331bf4aef013c44c40852d3f11111ac1ac6,0,0,0,0,0,0,0
116,4c700d16011fcffb6204f193b4387fafa25d212adeada73940e60dd1ea903fb1,0,0,0,0,0,0,0
117,d801a4a9fa67fa837eea8834733017797d27a5fa5f380984a1493548f64a3d4b,0,0,0,0,0,0,0
118,64cec3c00f8c4fd57e1e21ac49f083f506dc2aebc10c639213813b3835a11484,0,0,0,0,0,0,0
119,ac93735acbaa03426f3cbc0fea91543810efce6289dea729a2246393f8c1701b,0,0,0,0,0,0,0
120,fcd6ae646ac9efe06c66fb2c2b7ece0b8a2ed54b25bdbaaa5b1acebd722c3b56,0,0,0,0,0,0,0
121,d5179587337034c457b26debb7fecc6fb547137206164c93fd4ccf84a4cd5b8f,0,0,0,0,0,0,0
122,9e3717e9b15624c41bfcfe029830f19521507dd0df88f4e84ee42252e09598ab,0,0,0,0,0,0,0
123,17faf3f884d5e081325061538fa43f10c9c07e28abbbcb5772d94a56c2bd5256,0,0,0,0,0,0,0
124,75849b78c7238f772435f3a03c633d957f60523c2622df1d9e1586ebc114c0dd,0,0,0,0,0,0,0
125,f047bff3885eb2d3b7f45e3f5efa768d8db433d318c2bc8a0c98177fe5dd1a64,0,0,0,0,0,0,0
126,63226ea25cdfc1d603cda596d8b191d829c45d6f33c2a5bfcb6fffcce2641b5a,0,0,0,0,0,0,0
127,63aa313d1f66a1fa04def8f79afbcd7a80ce125002705e58a1d8392961d47d41,0,0,0,0,0,0,0
128,652a9fe436a0045b95034834d53c1210807a800275fa942d2e1ba97b3edc8c76,0,0,0,0,0,0,0
129,0e197662c084020d3411a94c97b96161e28a95dfd5b8130f3996e9972a0e5268,0,0,0,0,0,0,0
130,de1422152fa119addfb904e6442ccfdd1108f4c7e2a2348c46552b0e85d37414,0,0,0,0,0,0,0
131,c9e775808041c4bf09a6090372b736091e01e58c5bc7ffa881f871ad7ab294a3,0,0,0,0,0,0,0
132,1b81ef9f0e9c5f56ea7573124e6260dae64124007bb136fb1016bc578d64d0a4,0,0,0,0,0,0,0
133,e1f86193d53cf5ceb465073488860cb75c7461c40bd170602ebbabc5470e3004,0,0,0,0,0,0,0
134,cd62808d603463e4007496eb812219d26d40d262c7f4b589cabdc1e3f2f7ac83,0,0,0,0,0,0,0
135,640b8516705f04feed19506c0367a7e44ae5364f047d86e3bab63dbd2307649f,0,0,0,0,0,0,0
136,90d34eb45cbb85c4ff840175894266e7cf0f83d047ef76e5b5fb6e414cb35417,0,0,0,0,0,0,0
137,1d8954b1b327dc8ad076ac48d110de173ac65fc92f67da7f13463224fd438f17,0,0,0,0,0,0,0
138,df14dac2e9564083b6360c60d87906e2c4c3659dcf011ea4d818aa9b04305dcb,0,0,0,0,0,0,0
139,a98fb6b491486353ee1f12c4a274f3ff70a5e0f1c97979bdfd1ad518af3c80a1,0,0,0,0,0,0,0
140,dcaf50dc2e54fe5cf650ab06e6272a1a2bf99eaa38139b6aebff7fda40a2cab3,0,0,0,0,0,0,0
141,c79f6321c27cfa151c2bd2e907b3ea2f64e8207e543def89df78fa426e1d9c94,0,0,0,0,0,0,0
142,b4e21e10cbdc7a719e217bdae2b3d867dc783037d7940206e97ea3c6c5289169,0,0,0,0,0,0,0
143,883058de63b4dfbc4f77daf9ea1a77b2d7079f6b9bde16797f538db20c188850,0,0,0,0,0,0,0
144,13cb468b30fe0063471847263bd69643503c57c6eb623ee129e018eb349544a8,0,0,0,0,0,0,0
145,9e2cf70153bde624ba7fae73ba171e70d5874d496c7d69c36f2f761db0256eb8,0,0,0,0,0,0,0
146,3fe71fa186ad336cc99a4736019ca648b76e7bf96b4eaca621cd79f8bf879512,0,0,0,0,0,0,0
147,2837a10adf5b09df4c265690e6211fc5b679ab24cbb1330f97f02ad018cd7734,0,0,0,0,0,0,0
148,0a3e46aae64af16a981591d6baf5f5def3168ef98c1004b0556851331a797eb6,0,0,0,0,0,0,0
149,7bbfd558ae58d94ce38913a8fec5f21a209ffa3f9e1d48a4294e27948b25159c,0,0,0,0,0,0,0
150,1daf2b80a0bb67bc28e0a5bf68e3501be990f0342180b2d1d7ccaad9c37ea47d,0,0,0,0,0,0,0
151,3ada07acface4e7fabeb5b325386bb8ec3f952b61b121e0acef5d409169e78eb,0,0,0,0,0,0,0
152,92278eb125a9d00969fadf2ad399850d729865ccd8f549871db13b7f0e2aef99,0,0,0,0,0,0,0
153,57cb1f9038e38e9dea79059d7476ea90a23b9b64a73af56d7063d81527f6283a,0,0,0,0,0,0,0
154,b3bbcdce976639e4f526cfffb529e9c752673c5a2224e475891e7eda757cf179,0,0,0,0,0,0,0
155,16019beb5e6c62bc1e1ce9aadce72887246ae5bc20eb049f80f593f78a16b741,0,0,0,0,0,0,0
156,903b1385d602042ae80e2dbdd034cc03d158f44adca695c90429352117490e59,0,0,0,0,0,0,0
157,3701864aed5cd2ba8e571090250c764e510858f695d979b98b3b4803a0743c09,0,0,0,0,0,0,0
158,23776fa5b94230351388024e864b1d4abba3f6fdb10eec6d2365c9bcf0aa2cbb,0,0,0,0,0,0,0
159,cbe930d018c72f7236d8053820cd732fb8b201376ff272c415a88c9f4650acea,0,0,0,0,0,0,0
160,4bfc49d0e4988bb908c158386f72c929009f8dd5afcffeba360f2e24b5dd1ae5,0,0,0,0,0,0,0
161,12df1471ec401a6534d1eaf37e3b4487a9ca5a69f6c17549333694045d3a8986,0,0,0,0,0,0,0
162,77a37334b3b0ad1722745c21b4dfbe6b3d7c25e92e5a171b5a6a0ec2fff82d83,0,0,0,0,0,0,0
163,6e5ba232e58e393c43a1176182cfdf98883b4e3201706f3ce89d7f969f8c9562,0,0,0,0,0,0,0
164,e0027a03942732eaaa9455d951f490fdec376478812a19452860305620119395,0,0,0,0,0,0,0
165,48e393d290ee03e8d327ed7a26bb04a273b81cf574daf18e4cea3473337b1fdb,0,0,0,0,0,0,0
166,d4f051e0808a60367ae9af4035f7cc423c9f06995d9b4f11922a9eec35e6bd51,0,0,0,0,0,0,0
167,7a24013267bbbe52f74f85d4bc4540e98cd58ded6745e93d092f322cf6be4fe8,0,0,0,0,0,0,0
168,eb0d0ca9393420f5a5dcee3bce8b5829fd67a70143947656c239830e82555d01,0,0,0,0,0,0,0
169,e6ecb80c752cb8835d5aaaec3e444b1c06a685b472bed661fca490ac7b1603f2,0,0,0,0,0,0,0
170,f4279e76187bc9760dd3932fba75d0394601d568b7e1d5cc9570432931d0ff96,0,0,0,0,0,0,0
171,466ef612724474c11651a1965605c0366a1245ac2363c178d9287d9c31c35854,0,0,0,0,0,0,0
172,466a2c0b26b66580bedfb930c9e4b1d987840cdb9fb21f184f58a33c98cf651c,0,0,0,0,0,0,0
173,9564981f1bef176bba879a61a34853eb9de8e287c7c97cdfc73111ef805fefd7,0,0,0,0,0,0,0
174,7583f416321a33a36199105cfcc990a2adf5eb4952bb5ba12ed31365636de895,0,0,0,0,0,0,0
175,8a36f36702f09606eb903e9d7ec93a075b7b456623fc85d942d2b6b5913f1e16,0,0,0,0,0,0,0
176,2aff3634dc2a12ef30c8a9fb87554629865d7fcea70421ca5f7df8997868ef8e,0,0,0,0,0,0,0
177,1b9e0372fdf96c9883da7d1d4096c91e8f771ee8c389ae9890823b970cf40c15,0,0,0,0,0,0,0
178,2336ad075d6ed17684f8403b0a62089b01d1a0fe8da05257ce1b24a4024882fc,0,0,0,0,0,0,0
179,3a4cc3a0106478a538b1dca08a76457cc8acc8894a4fa95dcd9bb1001b2b3a4d,0,0,0,0,0,0,0
180,8bcc228a9602b1475c1bca0801a655ee7c5a2a9d624ec7c4a4c37a6905741005,0,0,0,0,0,0,0
181,4acaa33b9bf0d58a83463606acf4b76e1d2c5ccad06c084a3466956903ca8d0c,0,0,0,0,0,0,0
182,1e61acc39d79cec013d9cc767d6029e3d1792df8cbaf7aca3e4f15a998af52ca,0,0,0,0,0,0,0
183,0da665aa292c947a04edbd3451b1f60a9b89b5e8500225ebda970da842deb97c,0,0,0,0,0,0,0
184,6610e42bf2ed944b3dbfcce4cf45809068845da31611f6c41e1126bae3c281e2,0,0,0,0,0,0,0
185,62f59599aa6452a2284e1112f456a22eb19350968a997e60e611a4a978b33fd9,0,0,0,0,0,0,0
186,b761378d50660e05706cc80e7bad8fee26995072162b22b9ce99df3e4d0ac5b8,0,0,0,0,0,0,0
187,e3639e3c8f633a2ee229f9f8bd033eca69011aa6cf56602463d198726fec3a09,0,0,0,0,0,0,0
188,e2315afb16586214538112e03871284f4a2063d865bd8d5198176424102f0630,0,0,0,0,0,0,0
189,4c1be32e63b550fcefadea4ef3766e57c1698974b79dd3ccd7c77acc6e2d34e4,0,0,0,0,0,0,0
190,1513333a35d86bf596a1e391ce0861d7d88b80722264f1821cde16580eeb4853,0,0,0,0,0,0,0
191,b22de6ad3975006d7cc7e4231db050c262b3f7aaa475acf464cd96862099f753,0,0,0,0,0,0,0
192,71d9b4181ac993e1435c963f317ffce8e82a566f10d4c7ad3ab2005601bcd6c8,0,0,0,0,0,0,0
193,fb075eb0fc847227a2a49a43e6f7bcaf56787f2474b5910804fd7d0a23c85826,0,0,0,0,0,0,0
194,b9a271292a2ec7876ffe6ed1f813f9af52bd9d563c0a26cc1541798ea6138a62,0,0,0,0,0,0,0
195,bf705c2d919d48bad87e515de574bd1c53f7fa307253e6f4ef2d7a0297237e2b,0,0,0,0,0,0,0
196,8dfdfee6544085b193bc8926a92e79e226975295dbe5dfa466e7343c4a708700,0,0,0,0,0,0,0
197,f526963dc57cc74babc27f00a90bb9cafa69c37dadf2264e694320947c72cf10,0,0,0,0,0,0,0
198,6f346c9a384aa128f7a1d3db6687617e701417bd18e2ec8a061688c883949157,0,0,0,0,0,0,0
199,9b64ef1b03ce04de0975a4bef6b3819fda6cb9a509f9c1b5a74e0e9fcd8491f5,0,0,0,0,0,0,0
200,9c469b55a01078cd2ba1477717abd99c2c13da1143755c718e81b732b1de65f6,0,0,0,0,0,0,0
201,d547bce9d2dbad5ba21c312ba2217b2fb827aed12429e2a4956c3b8cee13286c,0,0,0,0,0,0,0
202,7afe4fa79c8f69b1164337830c3ace556c6cbe7cae9b3aa9afe93dade82f28d4,0,0,0,0,0,0,0
203,8b1a1132b0c14c4c03f4dcd44f862af3de7af2017074acb8acb64bb09ef6ab2f,0,0,0,0,0,0,0
204,31305da50865240f2f4d14648164298df5f6d1d12dabfcd4dc5041c4d29afd6b,0,0,0,0,0,0,0
205,ed905fdce44706861300f7cb24f088826313fca8ee9e9a861deec0b6b2c23b23,0,0,0,0,0,0,0
206,f799e616169cb608a07c7ec3c9f9e45b670a15cc460eba2be6d8fb59efcd9a97,0,0,0,0,0,0,0
207,797a292fb2ad1914120bf4f747d3dc957f0a97126e5ff410873421ccd0752890,0,0,0,0,0,0,0
208,8ffe503df4e94ad72aa9ca6b2dbed4a535d8a3f7f3ca81acfbdb9b035435e7ef,0,0,0,0,0,0,0
209,ee22e42dc92337ec83eb312af84ff86f523fdc583ac537a6a637b25a7aef9de7,0,0,0,0,0,0,0
210,d3883b7a28bb6ad1023f6eb745bd32ed33b465c7449fe034008dcb24458d57ef,0,0,0,0,0,0,0
211,dfb08c47162eefbe52dc11d5cf5c961bf2efe3112bcd376a5105ca07e848a88e,0,0,0,0,0,0,0
212,60c6c1948929185518d3323becccee4a555efaea4f642214391a308dcefc2bf3,0,0,0,0,0,0,0
213,4393a237caa15c9c46648fb77ec1c7ebeef222c33f6a86c8a2b24db3d4f1b001,0,0,0,0,0,0,0
214,a7e299bbfa1976eb7659b003251c7affaa3fd450f024450d22a39246a15b6d4f,0,0,0,0,0,0,0
215,b80df3a6b01a1dcfe052b6397aec74cad360648c63e1fa7894fcdaa64254df87,0,0,0,0,0,0,0
216,f25018b1cfbdfcdb56b8f609bbc28fa5ba0a81954c5fb4eb6ef0e949325df59d,0,0,0,0,0,0,0
217,255098949dd4ad07265b45457a44d45bc097562dbe30c9df87a310945db6d768,0,0,0,0,0,0,0
218,7ef617045544c0f80a8eee7e43e084bd4a8e3cdf30df7bfbdae64cfbfc80d08a,0,0,0,0,0,0,0
219,6c11bc3b2fc6d1285797b277b6b077ddad29e38cbc43b4aaddda99eacd04603c,0,0,0,0,0,0,0
220,043cbbb8377ee16aa5a6d4d24ebfa1e1577d961f5504c5c4a70c66a7ab0698aa,0,0,0,0,0,0,0
221,bb314889be25793ae7c167670498c5620cc4bfb352f6d751e458d1ff37819e6c,0,0,0,0,0,0,0
222,f23feef761d6643bdd4a98e84b3b60154128b0b14dd47206977fed6fffb6764c,0,0,0,0,0,0,0
223,37c992264be538f051827299c5b32033d34a4ab3389ba07057adf6d1a0be0fac,0,0,0,0,0,0,0
224,9ae202ea9489e0b606159be733ccdcaed6c40c0530e64de97e3915e98c435dc2,0,0,0,0,0,0,0
225,f8a6f614bc75204f848ff5c51cd0c4fdbc8b2461390945f3066f45d957e08bcb,0,0,0,0,0,0,0
226,880104a940ec32197450eccf7f6529775cdf9763d7bdb82b24e559ae77c8c718,0,0,0,0,0,0,0
227,70e3f1cf0d61a4cb3540f4562f68a4139891c2f2192dd21ad1006cd3438bb6e6,0,0,0,0,0,0,0
228,a87255793ef4417ac25def2b2b559e3db406ef21b75f62719c7c3e264941e208,0,0,0,0,0,0,0
229,b5fd8150d696373cb1241b7f6db61e36161ae58912416ab0384497cd3e4e05d4,0,0,0,0,0,0,0
230,7ef676112d7aa458e60287c00d89b77417f021a8dc4106ede2c5361bac6d8a4c,0,0,0,0,0,0,0
231,6327c83833dd061a3aa96558fd76617108bea6f997e5de36a63ac4c8f26aa7ec,0,0,0,0,0,0,0
232,1741b05f8eebb96027c195cdeeb20bbb6b2a457fc1ac8b6b7221edcc1969db8a,0,0,0,0,0,0,0
233,78d8f872b4c63264be3b90f462df43ece26672c5309a60b727f6944cc4594c4c,0,0,0,0,0,0,0
234,63222615824c1c836400c5218c49454813e4b8bb638632b62944ac6c5729f381,0,0,0,0,0,0,0
235,bdc501d8ae7ca7c7a90e5665e795c7f342e25c6770e2fe1d41489f3b71903c78,0,0,0,0,0,0,0
236,4c32aeada056bfd407c510381788bfceb31c0e84df902386668a5b3a448c94c4,0,0,0,0,0,0,0
237,41621a4c93c1cbe3fbd778e286615f27fb6908fbf159e3e1bffe92f37dc46851,0,0,0,0,0,0,0
238,d2c84497e628830cf53d83d5d7e41bcb1678e32d197eb13cf892c448c01936d2,0,0,0,0,0,0,0
239,fa88d50e2f70138583598fdf242ee82a9e3714885eb77634eaedf86a0aa6982d,0,0,0,0,0,0,0
240,375f79050ce2d5069fd9499bdbd8b1e00c0511568f7fd835df1b891df80dc9f3,0,0,0,0,0,0,0
241,4b2aa7ea885bd87cb9be34da9b6c78e2efd4db349e884379b0507d11ba794e57,0,0,0,0,0,0,0
242,ad4e75b9c825d8a52f17efe741df15e5a6163c52d934dfe0c49dcab3ab87e9ba,0,0,0,0,0,0,0
243,c15711744796ac9e6c9274e32fc474dfdd67b1740c13e5b5cc5d2f2359e69d09,0,0,0,0,0,0,0
244,082edc215633ccf635c8fee21744ccf199adc4793522525efdd7f46926f667f0,0,0,0,0,0,0,0
245,c0708442fc1b568155ce2365fae79a42c83b90ef9284c5775bca9a95c1f64d34,0,0,0,0,0,0,0
246,db6a529e2b7b2533e514a54843432c28a94fea8ce2cb9969048e02820d48c1d4,0,0,0,0,0,0,0
247,ec4168f6829330ffafc49f659e450f6920312f46b8deaf5c6b89f1b981b477ad,0,0,0,0,0,0,0
248,a928c2d787da5fbc0269a285ce075069a00437f4cad05715c8828658f0588cb5,0,0,0,0,0,0,0
249,55cd569519bfc0951720716472f10e90f7b17a6da5891a48999b402794f521e4,0,0,0,0,0,0,0
250,a38019e4e46e71df31ee7702d50ca6afecd489f8b21ab1613d7028f5d916adc5,0,0,0,0,0,0,0
251,dd2d7f72e9187ea038077436958e72f1a9a6f6225ff856a735d54b6e17c0dd95,0,0,0,0,0,0,0
252,1ff52420353c4891c2177ac574931e9fca778fd2c42e4872c22c6d260c02d90c,0,0,0,0,0,0,0
253,7ec6812218b58f49e71bbf2aefac10277f15efbc9caca4707bf0d3241af45e46,0,0,0,0,0,0,0
254,9026d4f8d2cdfdc87e28d19324a64f6885e8a7db1d8d3091a27f3c29b5ca3c33,0,0,0,0,0,0,0
255,9cd4f318c2c36609525c6bd84d889d844835759d58df6e6142d2bedf4e0034fb,0,0,0,0,0,0,0
256,ce3ab9cc70b1b0876710133d535747254cfa292fece371cbef91c750a9325168,0,0,0,0,0,0,0
257,b4e480acf4f542cb2574a223fd698c9cef21270621f3bfcf8ec17b8dbb9fbb92,0,0,0,0,0,0,0
258,722ce7ceb9731ac25cd7134bf6137917be810fd0229d9dc5a86be067a806c0dc,0,0,0,0,0,0,0
259,b0faa625194f4f25b962b03049afdf65ac0ac2d2fc7a5580023f2b2c37c6dc2a,0,0,0,0,0,0,0
260,ab3c675cd90941ef47fe0f2626a24d712507a7eb98cd47d5a169dac1ed8002c6,0,0,0,0,0,0,0
261,fd9fb1bdc713ee539e59defda54524db04202a91f54907a893176064fa353241,0,0,0,0,0,0,0
262,f09efde0870af79485bf8c10d97ccceb5763c86676ce08b9751044076f38bc14,0,0,0,0,0,0,0
263,f93fe2a93b511e461743580007eb843d72e062545ddfb355fbb7c07a6115fa9f,0,0,0,0,0,0,0
264,f10dbf1cce42f4f88563f1803e4b395d23a951c89dfddda256603069dd017272,0,0,0,0,0,0,0
265,e6acea60c7b2f127aa2e495c5e3ce1b23b056cb3705d4ee9828934e818d2f86c,0,0,0,0,0,0,0
266,c9b70be068631128e5d747d9fc364ec36f91b343d6a062cbb68a311d20e06416,0,0,0,0,0,0,0
267,eb0a7e0682e21aa7fae2bb336de4c94dece303965b59f5dfb78f88a7e5a438dc,0,0,0,0,0,0,0
268,cef8f87b595511f0d0b1a571e778c7d89d1ba78d7abfbf42e43cd6b5670a4ce9,0,0,0,0,0,0,0
269,b4e073ff0cbc6730fb3bec796b4dd025a75b968bacf4b7de2c956c8fe8c3f8dd,0,0,0,0,0,0,0
270,b023fb29ae77a0784a582aab9e35060189cbfc905d56f1a68a952a33b990f841,0,0,0,0,0,0,0
271,1440efee32be6954f5cca5a3af2318b47d9117d0c52cfdf11b7fce59fb9d51eb,0,0,0,0,0,0,0
272,8b284c66f45c335e06d54bb4a9d0078765560abbee9084c1a4fc56f01c300f76,0,0,0,0,0,0,0
273,a0467a0498ca62e91a1326050546e34ca1e2e4fb537895ef6fbc9486e7fa220a,0,0,0,0,0,0,0
274,8c3cf2e5d4434131f2ba5096f6ca0cd61efe5bcdff0b00937c4d58c97eb7ae69,0,0,0,0,0,0,0
275,100f2f42c75f4fcd80386d1affbdb0daec093cb6292258b92e2846949f2936b2,0,0,0,0,0,0,0
276,b28f20d812ff9d40acd72caeebdd1f250d70a390098ec27f2d9127515cd716f1,0,0,0,0,0,0,0
277,1b803d97212a935c669fbf338db9bf2985138526d2cb0666878bd21dc3ff7209,0,0,0,0,0,0,0
278,8608bffb168536d041f3b40c92452f6432a3020f93b695f96fb5b50c86fb0efd,0,0,0,0,0,0,0
279,c5017155b341ffd3df5563bac531a58c0ffcb2cb4e9ea5f50cab3386a3fd8551,0,0,0,0,0,0,0
280,3937bfb2fdfbd7538af3e0794ada5d9eeae2ff74ed83fc07eabffbaebe59672e,0,0,0,0,0,0,0
281,9fd27dbdabb1a0c5185c622e684a6daa92e025f4ca87e70e2d34cda7e2542c94,0,0,0,0,0,0,0
282,a6e68538d8ef409fce735717f59c043451bccad2a7926ab7a21bfad019a81c89,0,0,0,0,0,0,0
283,115cf7c64024269ab3aba1ac93b1bc924fb18e0d2c06095b3b1fe6a51c2db53b,0,0,0,0,0,0,0
284,881e55c69573ab5f09f805fecb9fa1feb1a8c06c67e0c2d5c469d56f34dc6714,0,0,0,0,0,0,0
285,a8795a0bbe632ddbcd70124f9d75e3b94a8efdea870f5210c85df3a74839ab10,0,0,0,0,0,0,0
286,16219b6486bff2c69d48d899c91e9d532209fd729c0ac3115535a6e230b79b74,0,0,0,0,0,0,0
287,06f120b4f3b79d886c7a349db6f2b7128b4d2074dbb27d443e2ac7937573a8a2,0,0,0,0,0,0,0
288,8b8fc1d5330d3548ad4f69736dfe0b3857ed20b3628f1ffc0dd6403ec5d36740,0,0,0,0,0,0,0
289,334a9e223aa27f4b5a6d3f0469f557a9783f4c3e9bd9a750133c70b17bb98090,0,0,0,0,0,0,0
290,1e7d6a56f734c907cf2128e39c6f627656db9d9c19ff8d34e0dcb90c2fab47f3,0,0,0,0,0,0,0
291,e59666713c1a3c6d40eacd5f5638e83b91c63acadf2043ad9ebf10e70c590920,0,0,0,0,0,0,0
292,89e2ebd59ab4c08e9d1e514793aeddaea6d2727cb9b945b6aa3318ef611e20ed,0,0,0,0,0,0,0
293,138685d67b0e54745efbc1e4d4466515f9562eee8fc1ccc9725350136d349394,0,0,0,0,0,0,0
294,5ef07945fd1367f49dc2fa7bbcc71dcb0c58e532645c4fe5b9f57ecfab0041d0,0,0,0,0,0,0,0
295,a05daa889f32338e9c25e237aeacc224c5d1761e702997a2231698473920e8aa,0,0,0,0,0,0,0
296,ea2e42b89a4af38694f982efce40d12c831bd0b1cb0bde6083fff8a22a4a01ea,0,0,0,0,0,0,0
297,813e45bbe6cfef434aa92d537dfe4d08ae03c1024cec4c2dc3a105fe8c72286e,0,0,0,0,0,0,0
298,349f503056992264d0d269c3bba6799b8361aa251617a72c398d6a6fa5f5eae3,0,0,0,0,0,0,0
299,1035977c872cf8e07e2099746349f8ab5d59354805b9c353ec13af6899cfd5d4,0,0,0,0,0,0,0
300,f1142eff066aaa427b1aaa456b4873e01b0262d712b2ab8cd3dfba7edb6a465a,0,0,0,0,0,0,0
301,2fa0d0fefb3c142cab22d50269849b1848b3c4ab21607a8ce8f59d376b7e77c9,0,0,0,0,0,0,0
302,a35e5cc3ef795c1a7c3a8177f65f47c6c8efa7bf6f1aa9617a68dfd7d62103de,0,0,0,0,0,0,0
303,bf6a2bd47ce7f9d55697d1b68fff70f74565ab4598bf74ee0784cb8645c49337,0,0,0,0,0,0,0
304,cef68dff9c0400a2cb65631818b3500c67933dc4cf4f1b41c8981d69768f4196,0,0,0,0,0,0,0
305,0c50676a9cb599632b6ffd24090b8569c1ad5a8d86df4700326acd3eda04a5aa,0,0,0,0,0,0,0
306,023b89fb255e43091f0c45033abd2ac7bce561660abdf0f33125e587ac340fd2,0,0,0,0,0,0,0
307,874cb91678654c745c2880ed89e3dc841864ef5f4d565a6b728f912536f2a197,0,0,0,0,0,0,0
308,3d9f10a0940d620c69546c4c37e318755cf5254c77c5b010b99e03bb86bcb333,0,0,0,0,0,0,0
309,a575d3337532c6cf1b5b11eb152000c7eebd28aadfa291c439fcee2c5601e504,0,0,0,0,0,0,0
310,cf2d8f5c65c9dcc01b9576f84179adc02c3fb9360642109dd3b0632e995dac6c,0,0,0,0,0,0,0
311,35baa988c45e5008aa198266988249a304a1c0ddbc144a860c529e5e7e07c293,0,0,0,0,0,0,0
312,a8ce0e81bb823004d3a0e794fee9792d9838542e5084e5cd993e8a5f035777ee,0,0,0,0,0,0,0
313,ca0416dfbfd9e69657cee720d5d7c8701133d539168f35809407c8ff63a7f76f,0,0,0,0,0,0,0
314,8ba0b592e288abc1f7902e00421f685311231187390e843cd7cd02258c555cb0,0,0,0,0,0,0,0
315,7496ad7fbd2bc2cc34bc870a78c9cde9db3ff008ebae090cc2d32520418beae7,0,0,0,0,0,0,0
316,467fc8d97e915e6cd42db84d9ba9bc271686843482f4ca93e455242fae93fe92,0,0,0,0,0,0,0
317,4682597b702b81f6c4ca2e0fb47598ecf93d37bdc44961febacac3f15094e0c6,0,0,0,0,0,0,0
318,8dc66c2c16eb5c30bb26283d76b2ea91cd72ca0600a64a6bccebef91c6e13399,0,0,0,0,0,0,0
319,50965ffb6f7ed53778f75252c408a2d85481589fb2cae73c709a1069348e52ee,0,0,0,0,0,0,0
320,36dd2be16756801051bd5d51a0eaf3548c8425d295893e07707d5c76c4f3228e,0,0,0,0,0,0,0
321,c6145579529e5ca52882fda61f55ac1122a59f8f7099c40ffa891547001a552d,0,0,0,0,0,0,0
322,28b1325ef160c62ae608e9cada29bc925a531bfceb8e6dd14cd2fce9d56e61b3,0,0,0,0,0,0,0
323,82088599f084bf5e3bbdc3da68993b06f44ebdbfa4de16b170bfd011f7b12f36,0,0,0,0,0,0,0
324,b22db01aff3f7b0a47589ca177b79e45f0641f8d8a962c0120308fcc22adee56,0,0,0,0,0,0,0
325,e20888b970014e3c7ec67291325b3ab126c76d5ef441c5ade42d5ec6523e1b60,0,0,0,0,0,0,0
326,c632a27e7fd2347f02ac0387359c1313cb9e78d7a001119458961c196f511ee5,0,0,0,0,0,0,0
327,ab4e354ba58ec9cd66155d1cba0d46100f8ae3dc36ecfcaf6f233ffaea4306ef,0,0,0,0,0,0,0
328,0e43e7a74d7b9a95cb3fc94b8e810e1df94c5ccfb80adc1fd0e537b98007169e,0,0,0,0,0,0,0
329,98832983f3a88159b89b1f759a81a241a7d878ab69bb72985518a7b3d930cd3c,0,0,0,0,0,0,0
330,8f496c88ad2d3c938ca913c663b1e586a4e075ae998b8f8b0e867eb506c5f99c,0,0,0,0,0,0,0
331,70d6e2af97abfc6bf70e4df4d48bb727a0a5dcd6817c70b4ba1116f65fad05ca,0,0,0,0,0,0,0
332,cf78bf1234de62cf7faaf14b2af823e14b09b1241e23058041c629b97b585868,0,0,0,0,0,0,0
333,49707e9822427f406fde096f9a9836b872835db64aae7d8fd1d0ce19a1055275,0,0,0,0,0,0,0
334,f57531f4423671d6a12ca8863a7765419aad17b4dd8630928a0034dfc8a9c687,0,0,0,0,0,0,0
335,f9767fc8471e6bc70c31de5afb569163a20691064210af0539cd75c6b12fa084,0,0,0,0,0,0,0
336,2d71ade8e38f5bf7561dfa5ceb9bde70bc7d402987e804b7f53504cf44047574,0,0,0,0,0,0,0
337,cb3307ba0c5ccb51ca68b88a9568ab9b8baa917f07460365431b3f1cc53a57b8,0,0,0,0,0,0,0
338,199e3ae3dbb921ce866bd2e2bb8377f63babde828df18dd6cf1185f7658aea68,0,0,0,0,0,0,0
339,7556b9942b2d5ccc90ca84e822819dcbb5388cacdcab31861ca3bb2b98c010c6,0,0,0,0,0,0,0
340,f66cf5d0d480397f537a4845a378ce8b8c00c3842e83ef9f5bd34f68a8763c62,0,0,0,0,0,0,0
341,34b80591a1eb42923fcc91154c191abab07e926bea440779edabe74e5ed1be02,0,0,0,0,0,0,0
342,c4e292538f6202436bbae99c54b3135fdec25ba4245d0f6f7601d172d127e80c,0,0,0,0,0,0,0
343,5b71f2605450c0bee60a07dc12ba5818cfede0ad5bf72b7ab1b415aa1352fdb9,0,0,0,0,0,0,0
344,b77c68e5f08772f62d6f5400b3682812d56f7c4adf3891a7e3604babb22a20ba,0,0,0,0,0,0,0
345,8269c3c63a78d00d3100dd61026c2f948a5a5f762729344a421706ae845cdadb,0,0,0,0,0,0,0
346,6da018c24697b10502f679e652e25ad76d0ce1f162d2727f68f8d0890d54d207,0,0,0,0,0,0,0
347,f2163a65168b6bb95622c9aeb53cf8343af65d14ffa7ff5385622e9aa955e04c,0,0,0,0,0,0,0
348,40321243fdd1dc8ea9c9f22d0cc8fd8adf2ccdbb66248fb561e26765497e87c5,0,0,0,0,0,0,0
349,f497aeaa736696741bce45101f0cbb58862e943f4c4cbc3be67abe28691c925e,0,0,0,0,0,0,0
350,0dde238f731d02ac486f8d96ee19118caf30a4bb67b5ff00cb7e01bec7ed1a2c,0,0,0,0,0,0,0
351,e5d461496c519caedac3223c4db9002f9bae0d2ff087001f3774636db92da4da,0,0,0,0,0,0,0
352,055d5a90b8f6156b2eafca539cb6c13de942c5baf23943c7e59aae41ecf4e98f,0,0,0,0,0,0,0
353,bba1b6549c98d413e07a5008150222c9d2eb0c0d6b1d0c7a4fd63688cef43836,0,0,0,0,0,0,0
354,d4f1799d4710bc4402081c9b45186b77fdb8b1cb5a700a5c6d0b1d5890e49e34,0,0,0,0,0,0,0
355,e5230949145ce8079ba3d35aec3bf0b8cb6afecd39d80ed06da271023f8ee0e0,0,0,0,0,0,0,0
356,f536fffff8e4484f4f824852ac16e3bd8fe9e2d084d7bce55534cd9f55df49b5,0,0,0,0,0,0,0
357,110857388b3eadbea4f331cf96c9900228570ed0a1696b9248214be77ef88c72,0,0,0,0,0,0,0
358,c8ee4e6cfcf6833b7241b60be1c9a4903a47fed7c7faf41011bd6483ae6fc0f8,0,0,0,0,0,0,0
359,2b961812fbf50035c0c740fe3243d8840c587c20cd70feb1da1f024d889817d8,0,0,0,0,0,0,0
360,621a99d89b73e3a4a541e37572fa1deb7cb3dd30f58abf95bd7533b6afc4b0a6,0,0,0,0,0,0,0
361,c1744019a0c9add3f7901c522c2acc0851e05c18ed9c6bd83582331697b9b00f,0,0,0,0,0,0,0
362,a010ace708ffedf5061fd365e51b3adfa3879a94439c5c25258ef054c5ab166e,0,0,0,0,0,0,0
363,95f53fb0f4c7286a2e41a65140413de75877955a46c7467fc7b2490874caf218,0,0,0,0,0,0,0
364,f6be506756bd78d8b35490cd5d725bcf477b1b9458f4209f08170cc799e91d70,0,0,0,0,0,0,0
365,9baa84f73eff8d6a7ba153e011d156060b78e06801ee57cb7f8c96d373b8b298,0,0,0,0,0,0,0
366,d0918dfc2d8c5da2f99aad720bada7aa23219fda22d407dcabc039f55df04131,0,0,0,0,0,0,0
367,a7436274c73355dc047ad4cc26fd7dd05a74235d2b4aab52164d0896ed70951b,0,0,0,0,0,0,0
368,88385bc6c5134e73b039ae8ef4e765a7b2eba8447093f03c09733bc2902962a3,0,0,0,0,0,0,0
369,e2849b4f67485d07aad71fa4f7994c063ded8a2bcd721f15d0b76406c8784655,0,0,0,0,0,0,0
370,cd835325cdacf22c97b2d68ea99e16c7356d0d0ea5e7432aba6a949771067a4e,0,0,0,0,0,0,0
371,a02e17b9e7c9b6b4e62dadc6c4e029b131020062e3d7cee933bfdc2922b455ae,0,0,0,0,0,0,0
372,8410a6f20d2a9bad4a3c96db7f750349d156e8425ca8de9db9d59948366f4d8e,0,0,0,0,0,0,0
373,932d8a1087d1d350971b018b3863edc003e65f76c409e4abc2d569f3d321a332,0,0,0,0,0,0,0
374,b33508d5d0000075f7ee5d794e370300541da584fb38cad2971fa8f720ef749c,0,0,0,0,0,0,0
375,a711c046d10cab6b59f98055a2b71c5a5e24552fe3da99c7423355f401f3bf4b,0,0,0,0,0,0,0
376,5b96e57b079814234e67875804c6b7ea35c47c37d9ca6d9d16ce1aedc3b8674b,0,0,0,0,0,0,0
377,ecdc4936775fc25ad9745fe5a10c6d9905d3df71729e405a550029884964c564,0,0,0,0,0,0,0
378,11243df1ea85bc5010f2f8009407d1ed0085d7117648f81e5531b45adb9fb0ac,0,0,0,0,0,0,0
379,6d08250474af8f33af7a22e9f3e8b7a3e8b3105a6c3ad7b8ca5e9a357eec1a98,0,0,0,0,0,0,0
380,50e364afa0b63aa8259eddba96a66a54427fa77eb90a2ba21e0725dd44f176bd,0,0,0,0,0,0,0
381,9c77b5bd1c0d59d8910bdbc85b8e6c4825f662a29e8ec896dd13f216e445c699,0,0,0,0,0,0,0
382,a8893c8ce153006d7df97b367fb9927df11bfb969689287a8e2067125cd5e58d,0,0,0,0,0,0,0
383,5c92565ffb306df515f0c851894d4199f176c12778a6a05b7d3ef50525ae42fb,0,0,0,0,0,0,0
384,a7bbcad5a8c67fd89502fd0b164dbe96064d44e3b9e038c631155d7e57eb6e47,0,0,0,0,0,0,0
385,9ea15be893929b7d6c989f7076fd0aad0cd06b8bcb0db565bc6fe08e2c2b9ec3,0,0,0,0,0,0,0
386,cf46123dfac50558ab1cfa46126c2e7d68951e039a058d927a78f7696cf56550,0,0,0,0,0,0,0
387,6386f2a14fc298533d0839fee0c20eac2f365eeaaad5e90e12e3a91afb8f881a,0,0,0,0,0,0,0
388,6d3a62415a3672105f4c525ffc97f3cfa9bac1d0118abaf7710d2047c3ac3108,0,0,0,0,0,0,0
389,1047d594c87c483c513bddb785ada4e64c724ceeddbffeacf51645e9a178416a,0,0,0,0,0,0,0
390,bd118b2ca9a88ebff7e5f6dfeb6fdadda4cf05ac0f9b06d35ee490f7fc7c90df,0,0,0,0,0,0,0
391,100dd53fef361c86d15a7a46a8b7f1090a67504588539cd81d49cb69e6ab4b46,0,0,0,0,0,0,0
392,061b30f91c627c10d4860a0850844c73656cce771fd9ea983747d780a770bf6c,0,0,0,0,0,0,0
393,6b9a216ba98411cd02ebe9740e9f3e5b0e16970f6771c25f162a50e05faea8a3,0,0,0,0,0,0,0
394,e5b631785dcf9789d58d38c8c53eef1c26ebd378d1987ff5f1d70f65f645ec7c,0,0,0,0,0,0,0
395,758c53517029be3759a76c2bbca268bfaa575a23478f44f80a29e76f8cddb548,0,0,0,0,0,0,0
396,613df78bdd442ee7a888de636ffffcad459a98aa6d8fd84c3dde1c1e11f25a65,0,0,0,0,0,0,0
397,46ad57f19d9ad53b45631e066929219b51128c9e1240fdfe1748520b4a717825,0,0,0,0,0,0,0
398,9c601d62d2732893887ddbeb15145cf053a59ba594d5161125f540f57fcbb128,0,0,0,0,0,0,0
399,ca822a494e9eadf6930f1e6e36d93185829b003f20a0d5db0ac63957f6ae30fd,0,0,0,0,0,0,0
400,2325041e18ac13cb81a9152e15e472b4b2a3fa530ac92df924c90b29e2fbd0ab,0,0,0,0,0,0,0
401,91a79096b5615dd01646eded1b61b992ccf4b99da67a23dd498384fe13ba30fc,0,0,0,0,0,0,0
402,908b918f2d3b725bff26e1d2ebcd9751dc3c2677a1c23d11d04afa9837bfc05a,0,0,0,0,0,0,0
403,58fd1157ee956a95b74eba958841a67ae3f3560553599954a01f19b814ee17a2,0,0,0,0,0,0,0
404,d37238399ad54d0e47f4e04c3ab95a1a139f098ceaf8136eda77cbbc904ce32d,0,0,0,0,0,0,0
405,93ebdab7785ba55b95a761e585bfb0d92d8ab37107ed2153e24db2a5e90fdf19,0,0,0,0,0,0,0
406,a9862a85d2637e2bb99fc9e0a8d1a2b0b9d26e1a0b0039b622eed8aa87c823e9,0,0,0,0,0,0,0
407,d45899c99ab0e187fc22fed74effefceecdac29b66437b3effdf1b2e5a52f376,0,0,0,0,0,0,0
408,beedcd35c72d0ac0727b018494a674a22cccfa07dfbe5b96ae6b492459789f5f,0,0,0,0,0,0,0
409,f96995199b44279c28f401593a6d50dbf5a0139d8bdbea649f3df3fb89a953e5,0,0,0,0,0,0,0
410,16581e93d9f1967d5439289843f3baa4a4f90da1fb5f24d8ec9be0b4f4b17865,0,0,0,0,0,0,0
411,de74abb66668d4c5821e934852c5e73f36f576c75a4ab1c6b18ca2353d5fa409,0,0,0,0,0,0,0
412,a463cbc1277dba41d6db64911f8e5c9488a6c3bfb2668fbab9ba8f6053ec9c46,0,0,0,0,0,0,0
413,18dfa55f70c9538da97b1765eb4b8b008932297d668c8a01b55fcb7e52356cd8,0,0,0,0,0,0,0
414,ea8ab2b97201a399474999c56629a593450148b96f87ce7e9ff126786c73b998,0,0,0,0,0,0,0
415,41e7053aa0966e50cde403683699eb7086a7c496e8e2a57ad6cca77ed6c9a8a5,0,0,0,0,0,0,0
416,4774fcf22773080b1f8b1110b64bad43b6eb91f0b073fe759bd742d4edb2027c,0,0,0,0,0,0,0
417,b396e480198d7e70581d2218b0fa43cf51dcfb4a75e673b7a2a28de90a4c7f33,0,0,0,0,0,0,0
418,e1e2f495fcc259c428d8b339bbd091fe0484759b9475855fc603f6dcdd569909,0,0,0,0,0,0,0
419,b71ae38fd6493f8fa6e884e3232770a51cee624b1354b9023ccc52a4fa795b21,0,0,0,0,0,0,0
420,414b60752380e96f42a1b9cfbcf2357f43e5e6ca06d72786987aac224ea5ad51,0,0,0,0,0,0,0
421,9e54e5e8c5f2af7dd7d4eb2fdc2d4bc64ce64b0d4681d6322716dd556d227853,0,0,0,0,0,0,0
422,d27f9609029b58c9a5e8b3b9cf7c874830f8b5fbf5cea4f2cb71021fecbc9c6d,0,0,0,0,0,0,0
423,e445e8967692bf9b1dc0e87e7631babc4dd7c5077cff38bc5d1d6d7bca914709,0,0,0,0,0,0,0
424,22a1ee962e85e41da2bb16b14a2a31147100c47ee0ca897197412118d5431790,0,0,0,0,0,0,0
425,291b3de083ca1505e2d6c8fd0293d0e703801e39f5d4b0fc3556c5fa1ac53491,0,0,0,0,0,0,0
426,fb6b06914e383afc7ad6f45b8aba7e5057b696d6a89e1606c52674ab10a09ebe,0,0,0,0,0,0,0
427,ba62b46e1b47b5f86f96da9c1f5c7a44384e06af0e63e7a113eb9c0055f1c316,0,0,0,0,0,0,0
428,972f430d84c29a8366f122735e0d5979d0e5d0bd03e91cb5bd753db979252328,0,0,0,0,0,0,0
429,372fe65c52c60891ecc8812c92deccd61b91ac9a82610c6def58f6e4380eb327,0,0,0,0,0,0,0
430,11ccd1b67e5e883dbecfd7621e96687e0d068f8adb331be99e8c4bb0a9b61f23,0,0,0,0,0,0,0
431,a40becc4db940a8b6ec5c44c25fb8a513e5b7f9fb6202a5e940f1fa8290807d3,0,0,0,0,0,0,0
432,dc3958ccae5e3786a1d92942b3d5d41a3c79ad361bc5646a0ea4d9dfc7faf850,0,0,0,0,0,0,0
433,bf73c92e61d7060a5c6f5a4bf3ef43f50b53a02db92f763cdf07b71757a29fcd,0,0,0,0,0,0,0
434,0cf5cc67082dcddc158e1e3cfc00552d1db978779e1cc2b7d7bd8fbdf26aa134,0,0,0,0,0,0,0
435,d31af44cd2a3bc67c9f1b05fe41eb28aec31231e4f5f583b91881fd3a778b325,0,0,0,0,0,0,0
436,bcb2754b1cec179605e5c7926f1c0da9c5e0f3f184200ffba341fae4256234f9,0,0,0,0,0,0,0
437,23a2ca3feb81cc6731ea650a11de264400b2828bf5fe5999f8243fa08dddc999,0,0,0,0,0,0,0
438,1b980cd29911d5d4beda3b2af49bc074ba356648247ee829ab2fca35f8949091,0,0,0,0,0,0,0
439,b6d8ee4b11f82d4ee3b92af9c4ee090c27f6f38f3db9292a4ac4668c29187dc3,0,0,0,0,0,0,0
440,326c1acd9c78ba3c96bdedd07d05befe4d7a96320d6df7f9633fd41ee26597e2,0,0,0,0,0,0,0
441,fed49204be4228954bcdc18eba3c039af1f80125a9a9c503acfa5ebd530567de,0,0,0,0,0,0,0
442,b02d4d2dc4ba3676e7871173037edc42bc24766e379827f59a2b82e33853199c,0,0,0,0,0,0,0
443,65e2aa23a002dac8390f3110a935915afa9da0119009f7c59a1b5020750ed227,0,0,0,0,0,0,0
444,33107aa754c8bbf06a120995c11ad31a6fe0e40de6096cdaf2451eb027fc3ee7,0,0,0,0,0,0,0
445,4f2e91efced7a0e89ebaa02c67d2ea731dba8e5e9de46f78ffc44f4406087919,0,0,0,0,0,0,0
446,c4a12c7cd5c322e3e2182e16724c715ad5ef32f40bc1f05fd4a8f94a94c59beb,0,0,0,0,0,0,0
447,342bc27e213c39991b93b0a7a395d4791c15f7fd0e585db12bdce5b2c21a23dd,0,0,0,0,0,0,0
448,e04c4cd1e8d8d510990613e69fef02438b4427e50bf3e7af4ec95e213d2f5c98,0,0,0,0,0,0,0
449,d7c7e91e6a45ec365bcae23e662ce62be9b6753336ed51375e39f5724db8cc5d,0,0,0,0,0,0,0
450,76948994ed7e07da9a17c5c5e2d077a5ba0b2dd9f88a8d5c15916603fcd72227,0,0,0,0,0,0,0
451,ffd637f121d471222c32d1e6e0df26b4282cdadf6efe5c0df227488270fbd18e,0,0,0,0,0,0,0
452,32cf05f557a0a50d336209cc27f8857d9411def1ee6e50c2bca637d25dedc05d,0,0,0,0,0,0,0
453,a11a53983e714840a609a33f399e860ad03a0924d31bb059de25d66a9827be82,0,0,0,0,0,0,0
454,a5d029336d313f8b96c84883faaa32ecefa5a4aa92042c935e2521f7905cb911,0,0,0,0,0,0,0
455,d03b03d1d6d67b5bba9e5818e7c43284084f8ed1d8d09846e85be28999ed96a1,0,0,0,0,0,0,0
456,064bb78a4e6398b8380a138bfc4cdff47d3e836da532881301e3631715531f80,0,0,0,0,0,0,0
457,4083d961917b8315e376ec3d0d1b09c784753ca9342fb503d07f74f767dec401,0,0,0,0,0,0,0
458,468ebb0beac831cf19a059d93edf0b2cf49e97e614d64e98be0033f524f20952,0,0,0,0,0,0,0
459,fb5250f3f4a49b63d9a1d9a2593648c3cb272f9b75381f1eff3d756188e81001,0,0,0,0,0,0,0
460,0e143d7048705d198a0258adcdae3ab0dedc92636edbb7efc67fc1d92fe4236c,0,0,0,0,0,0,0
461,13c8599a21ee702a0dfa0df0eeabe2ffba685acf4bee262cff998665b329e740,0,0,0,0,0,0,0
462,d7897fcde64bb891242c26708137b3b0c1969df9d7910a2ba3879b9335f57fe7,0,0,0,0,0,0,0
463,0062efa3bc83c6662c8d1a5626de503eb0848ddf53929e8b4ddb06dfcec4f4fb,0,0,0,0,0,0,0
464,f38a15b0b53acba272925958f98ba80e6f90b475755b8bda29e53891708dfcc6,0,0,0,0,0,0,0
465,b7829111f397bf9231d7f068736ee467b2ff92b0ea95185836540f6e6ac48697,0,0,0,0,0,0,0
466,b7202c8cca9daaf1389e9ee9cdee041cd6662f1ac8260d7ab275f3e096085715,0,0,0,0,0,0,0
467,2b8e5b9d389e08b6ba5f8baa39b14d770de34e1b7d86a672a07182a1d2c0b7e6,0,0,0,0,0,0,0
468,9c026d07ecae64df69c2c41e2492141f424129a251483f649346c4b015c3926d,0,0,0,0,0,0,0
469,447f4b93c163b6903dfcf31921e69ae59d25e248ae3c784d3694c92e03a5730c,0,0,0,0,0,0,0
470,067f672a9a8e720cb20e9d09f161fd4ba66823010d8cf95d791663779ba56990,0,0,0,0,0,0,0
471,1e5d4f54e2dbcb32f85563009c1df9ffa360819d3fd0d3e4b6b4efed4bca72cb,0,0,0,0,0,0,0
472,4f7e77dfeb57c21f332bd2d209fba3a2a645f1af597a2bc03cad5cf95af5aa15,0,0,0,0,0,0,0
473,4249e45e338b81cd1a6351e8c902fe5b2cde5ce19de7fbed5581bed956a7a198,0,0,0,0,0,0,0
474,6ac7b22eb1d81782f08b44e8d3bab669281020cbc20ac1fe32951f317ab493fc,0,0,0,0,0,0,0
475,6e1f02685b95d5b30ca3c3cf1e0f0a727c9138807218d02a9fdbe55c0d79de6f,0,0,0,0,0,0,0
476,70fa3b7a187226a6fbee209e23290a6170ccd8c06b5a5825d940d6534e70c8b5,0,0,0,0,0,0,0
477,f0e6a10c15c719231b6261cb7a4a7d77a88ed78f5017532ace25c2bde5393e87,0,0,0,0,0,0,0
478,35ab599b6edfc1c806fa8e4128c0d0b610de930fb07d24a8de3bd6a94ec9b0ed,0,0,0,0,0,0,0
479,d8f64ce3267ef23480a9119e152b6209cb04060f02562da7ee4bf36cb155e75d,0,0,0,0,0,0,0
480,c49d8b05ef1285d1f4d447cef7225054810395370976714640e7b70d6c590b4f,0,0,0,0,0,0,0
481,a8c1f4157680900df3f08f914ac85f60676b272b02ee3fde0a24973b4d4aea29,0,0,0,0,0,0,0
482,668f98379257bea5f883986a154ea0b9c66ab82bc2dd81a11216371e06928cd6,0,0,0,0,0,0,0
483,eae0ee342a28d6dd0a16a7197f5a15105c4fa36d585d28b5cf126676ce352830,0,0,0,0,0,0,0
484,7bbecce788e9f884f143e74671308e4cd9ba14354ec70b388ff225430d0fbe35,0,0,0,0,0,0,0
485,c3c1ccf3a35175ac5137b263c4cd5b96de478fb8911d93c49cd4194e8defac6d,0,0,0,0,0,0,0
486,a31ee8521148ee7efb2288d9a6004bb038eb9af2bed8410a3f1929a6ea8148b5,0,0,0,0,0,0,0
487,8414351a209b0fb51e497fe281907b1ae04e09f0f32dfd1472697ae45b747ed4,0,0,0,0,0,0,0
488,6f56437d8bbef380ba6f0ebfa8ae93282885400c57c2601e8ee422240885243a,0,0,0,0,0,0,0
489,f4a8547a542bdb885f84296eee16915311fcd2dd4de00801862ae49faab451d9,0,0,0,0,0,0,0
490,f212eceb7adac1b1862520ef1587c35482b0fafb2c01e88f175b766a7e1c3142,0,0,0,0,0,0,0
491,e7115c12e4fb8b3b7eb1ec4f19f7c8455e5700fb414c4f6af4fabb5f0b39d329,0,0,0,0,0,0,0
492,d9ddb1326cb9096e99d780ce98b8abdbdc98d31a9b109e71d0d814bd2e9fd450,0,0,0,0,0,0,0
493,05faa3d2fee585ceb12f1f977081d8a27c659db969204101da1e5d7663fe806e,0,0,0,0,0,0,0
494,ea58eb85f52859a2fe72056231f22aee806d2f36b8e547a79c742c2aa4ee0ca6,0,0,0,0,0,0,0
495,cc77cd8a1c9a12156be6a47016aefa3e56e169c99e974ac64d3d7be9c59e55bc,0,0,0,0,0,0,0
496,3622f0e83bd2e629fbe25662c42d014a409b6d5212da44f504712909db6f92e2,0,0,0,0,0,0,0
497,5b98f1c56e6f6669382c0caeaa2b0d01f02916435fbcfeca8ff1eae2b5566fad,0,0,0,0,0,0,0
498,fc340515cd810ec71f2d2497564aec1d165b557e5eff0cc9bfa52c012da73c3d,0,0,0,0,0,0,0
499,2d0041bb0b44b9cd3e2cf72826da8d3b7b1b6e2d641203ce1621ccf3e5a5b646,0,0,0,0,0,0,0
500,248e08fa82e38c184a58b40c8ca5c8e8a9276bb7737b12dce07ea8a8f3ea306a,0,0,0,0,0,0,0
501,d8c0ad807100dbfe90a2a7cdb5f9bbe8f44a9ffe2835612a746cce8f14dd6e81,0,0,0,0,0,0,0
502,b0ed5c7ef0f4c53a4f49918a2fff2838136ea62d88e3af4e8dc64a21c2b0ce59,0,0,0,0,0,0,0
503,614df22925afbe64b852e5fa1315d105212da0ec6f95f71c55607a3fab9c085f,0,0,0,0,0,0,0
504,45b068ad80040ac90fc8263b92475df2255256de84b287de6971942e8d896a24,0,0,0,0,0,0,0
505,528d020074acb9fed137f2e3c68923b5b87a2d3c1e82199b78b8886a565e1d45,0,0,0,0,0,0,0
506,4b059cba066b309554a71b62d72a267615df03ff33ae29cd87d05acb48fa0806,0,0,0,0,0,0,0
507,483afb954f9816fc8f25dd3173fda480ed6ad4e9dbe7447db30af7547c29dfe4,0,0,0,0,0,0,0
508,68f79a319484162e32ce3b240a8c12e33d491748e831a60d7e4161a84d8215d8,0,0,0,0,0,0,0
509,3f085b04c3832e63be765d8ea08e9dc01171f987db9d7aa271b9e7002b572c73,0,0,0,0,0,0,0
510,c0c7eee4e10988651a077f39b984e23794f99f3fb9e7a908dc8528c947d9e0a9,0,0,0,0,0,0,0
511,00b04fc978eb770b21d72d67e28dde84abb4518e71f47141c092dbd464109fd9,0,0,0,0,0,0,0
512,7c8e6f3a11025a03f469bdc4c3fd09e7a0692f743ffbe97090423abf74319397,0,0,0,0,0,0,0
513,85ef1b989baf83eb04bed2a094bf1c812d49dee0104f1f4d4b74ee4ae723570e,0,0,0,0,0,0,0
514,30d256d9baea347ab8e8067c36577208bb79610cfd0437921644fe8f12bd9830,0,0,0,0,0,0,0
515,3dd04e40af29764572d302a86d756393a7b6dc5ea673d7dc4efcaab51a9ab7c0,0,0,0,0,0,0,0
516,c933897f7c4967894d9334cd01da40ffdaea9a555e0571fdc3c72983d674c384,0,0,0,0,0,0,0
517,a0d4c16ecfff2769f1e90d309ed2c27f2fbf1964964d4091be1009cde702a988,0,0,0,0,0,0,0
518,7ca144a32e835dcf62de51ac03eadab819d2a5072e21790241b1b8060a3d5478,0,0,0,0,0,0,0
519,5cfe4d1f92933714cca89a1f0547c229ef3e621bea2c379efcf9e9909aa38865,0,0,0,0,0,0,0
520,56fed331670a4a52b04998fea12a99b1b0799b1217ec72cc7f90ea98cb679c7c,0,0,0,0,0,0,0
521,0bca6d43e4f5b363acc732a9aa5d1597ecb06f7dd0cbd7f27bdfae9d6fb2d200,0,0,0,0,0,0,0
522,c7b0b9f593f6f52fa4fc5698e9ea13e3f462cabb3bf6e7664ac3719784f456a0,0,0,0,0,0,0,0
523,6b40f43a330f1bc480bd22c995bbe5c2a8ad958fa3551a777b98a33aaacfeb84,0,0,0,0,0,0,0
524,fbd3dec77d41ea5c151bac3439e852dc686c95f07377b9a8df37f93d14eccd46,0,0,0,0,0,0,0
525,d16b18eae0a521d392b3af80ea7603a81acd0f4884513fd52463b46d1ca6bc04,0,0,0,0,0,0,0
526,6aec95d2637b081ee2cb31df4734760e6e07038a92b60797cd7096660304a9ee,0,0,0,0,0,0,0
527,99c5a4931f90d91d1ceddc2c1687cdaedce34e966a6d8378795e7a89b21cfced,0,0,0,0,0,0,0
528,63dbd63fe7af495d5577b994ebee0e65aa34af032ebf65f079d9999361aed72a,0,0,0,0,0,0,0
529,04abc1aa7d83ab68adef57d9558c59306c144cb266b9324ab8b18946b13de6ac,0,0,0,0,0,0,0
530,5ebe3c3d059053b078bc5bce32267dec78c82fafdaeca00e655f8448acfe32ae,0,0,0,0,0,0,0
531,9d01e0752a8aac61ae6882f3d1003c33f6a61add6f53e7a559aee92ba1a1ecac,0,0,0,0,0,0,0
532,7f9fe1d67221e335deb90d2389390fba746ddee802b2af15df47c5f6e9204067,0,0,0,0,0,0,0
533,b4a71fc0dd7537eae7dc685af6f4bb5a01f02d10c932bf4c8467506994b5c213,0,0,0,0,0,0,0
534,f53bd469ca91cc21ff0c818b52f62d5b7ba45c9af9daf5aeeb3600154fae3660,0,0,0,0,0,0,0
535,5bbaadda0f8963b0aa18aa2cce53280586676fb88329167c2219068bacb9be79,0,0,0,0,0,0,0
536,4e63401cff4f1a5d3b8a81d91a8a7bd7dc39c8b9b670ac353d34f730160d3ac3,0,0,0,0,0,0,0
537,11c36e64d1b04e3c7cc4f421c3fd66b4a2e13b0c6f665a8ba7fba491adcc677c,0,0,0,0,0,0,0
538,93d8de9c6e88f47b2be9e191e80a6a06f0328371aafff955a391a893ac971e1a,0,0,0,0,0,0,0
539,047e195752fad735224143c53d3a11b719db3c91524b34343ddf5ff462665003,0,0,0,0,0,0,0
540,1fcf85eda0bab10ede3a4ae1d6b22f088e2aa46457eae649dd58527bfd330fb4,0,0,0,0,0,0,0
541,10c9adf7dfef2710932ccf5b7085952c18a96355c15be95944207bd209e4cf6f,0,0,0,0,0,0,0
542,13571861feb2be44af28c89ee7ff32826e0d29b1ac2595c8233d63a3f80fb99d,0,0,0,0,0,0,0
543,6453e315676a27b57577c4555b89596049efe48595c06be3a261458668106453,0,0,0,0,0,0,0
544,de10d5e63091ddcdbf24851b303f40d564b47dcc02aa5420a69e9cf3834262b3,0,0,0,0,0,0,0
545,ada192927b1ec38bb42dab38eb1cca7fec6f4d2305aa12a55fb61b243e3f74be,0,0,0,0,0,0,0
546,318f5edc819b6d055fbc29c94e1b735b97bd33a2e0456216eadb2ad14a9bee2b,0,0,0,0,0,0,0
547,eb77153badcb4c7ba62be600ebecba51a5b9cf40d4ded4afcde011cac61962ba,0,0,0,0,0,0,0
548,011be4735f90ae9ab2b7281680cb93b8ee232af81973993babbb362a0226185f,0,0,0,0,0,0,0
549,11721e3bf4523b9c0d4d6350e77cb9085bd1b8b3b8f49ae8c2bc72ed44a38c3a,0,0,0,0,0,0,0
550,777f234ad55c4469d145c983b102ad902620b275da713b336d7d42d597c0bb4e,0,0,0,0,0,0,0
551,68458d6961a4cd990f7a635bab0e2c9f5fcbbad17e9f65b56b95b2e0759f8033,0,0,0,0,0,0,0
552,5c23aec1cdf22b150b91948ba6faa2d420020c737b275ccef636d501dfd7302e,0,0,0,0,0,0,0
553,1b3b18227e841064af0bf927e5349150fd4a58c3f1063f8663ed6ef8ec893540,0,0,0,0,0,0,0
554,9e54c22b4468ae7bf79281697bd596ef93452e1696a8673217d28b83bdd8753b,0,0,0,0,0,0,0
555,b2c4ff1b1064a1a190c4b2ecca7d301d597368616115c7aba54956f220b3b5ef,0,0,0,0,0,0,0
556,210b81b65cb715ef4a8e8f8aa56cfd229b2cbcb437e916d0c5963a648499ce69,0,0,0,0,0,0,0
557,3725e5fe34716b296dc8b3b3c1d1a00431336ad7eebafcced217baba493b0176,0,0,0,0,0,0,0
558,bfb2daed9e40eab3f2fd977a9cf5ae453d2802c091a208c9670668789f81fff8,0,0,0,0,0,0,0
559,2eb93946b16e6ce06d5030488a39976ed832ab67a740080fe52b19a560f494ab,0,0,0,0,0,0,0
560,ffc7715d036be83c798a701c2bac4d89a322c2b8a0a45ea3d3f151a5854e83ad,0,0,0,0,0,0,0
561,134515452ccee40f69d5dc802ee467574d93365d467d89ac50829aeec9f8f705,0,0,0,0,0,0,0
562,bb1f4fdd21c3ef0b6a808c6b8784367fcaae36e490642f380cbcd40eae04122c,0,0,0,0,0,0,0
563,38df873a37a23c93e58004dcaafe9a339f04590fca740a36fb1132840195790d,0,0,0,0,0,0,0
564,b7da213cb755f4794dc3f790d340afdae6c7a4dd6777a9cd961ddd87a1445a5c,0,0,0,0,0,0,0
565,9ee489cbb15c51bb1bf751d070e61c6a1c14f793e2527f0f685e0365489a017a,0,0,0,0,0,0,0
566,a7949c824f0a460ab865f1ea59f11b801eec924acf92bc93c35bd189e75a2b08,0,0,0,0,0,0,0
567,dfb5d01c373df0919eca991af2527ae887ae6c10ff30780e358ecbe7821ef109,0,0,0,0,0,0,0
568,4eac972e44ac349e22100e613ee80b2ea19094d3e7f9a18d417d48becbe53e84,0,0,0,0,0,0,0
569,74e5755b3e6bd243a757749b71fc28d9ca76220b13a9bdf25cfef2eff211e85b,0,0,0,0,0,0,0
570,f4d74fd78141ea9d4e19b0c39b0708a292332a5c438c9688e6de52999cfee178,0,0,0,0,0,0,0
571,87964891401306f660a5b0e88f47b5caa02ed2dff8fd6de16d16a43a86bbebbc,0,0,0,0,0,0,0
572,c3a4fd75c431b2415927fb29ecfd0c879564c1113d3eb9b6c08d958011ffb5ba,0,0,0,0,0,0,0
573,b2897bfa91d9c01680c7cd2fd518ea541cecd6205f3cf6c699a44e309ab86b94,0,0,0,0,0,0,0
574,e46d00a3d78e086e2f06a843d242e8f87c4a2405b67f4f7579d3f01ec858e1e9,0,0,0,0,0,0,0
575,0251c11122a81421d44b9bd4a17e147c6997d32269e391e40e5054dc6e188a1a,0,0,0,0,0,0,0
576,a3cde7af4ab8e69f730411dc40d0c4cda99f3a0f3af068b4d8babee34f99e213,0,0,0,0,0,0,0
577,d5f9cefa9f16c09b2d36900d8305950c29dcc8cbd67e71b2ab33907eeda218fb,0,0,0,0,0,0,0
578,001570bc4bd28eb25b557f413b1c66da5375c15f708e61b2bd9878087e5c17af,0,0,0,0,0,0,0
579,b757016dd68842c5a45aea196dd3886fb981b4668d98cc60ffdbd2cc16f6c9ec,0,0,0,0,0,0,0
580,009f4013ac823b8adf17484703936e3c724b480d8ddb18227fddb7a7fb6e23d6,0,0,0,0,0,0,0
581,9ca4e529b638c454688ae7c46b81aec228379c8a103599a6d8942fe916a8debd,0,0,0,0,0,0,0
582,542748378b7957ac7fd54ac56e32cfba5aa249ed36651bb3bd9cdfe77dc32dd4,0,0,0,0,0,0,0
583,9f23366c60247bbb1bf8b27a474a672a365aa817a2cd200582a2cb05fd693624,0,0,0,0,0,0,0
584,00a431677de76d51355714f3804e57c268daf344c06a28aec364f78183190915,0,0,0,0,0,0,0
585,76a7384593842ea4d883e953113a3b42c240a3df53066159738a8b1c83f8564c,0,0,0,0,0,0,0
586,ee8d1edd589b37c7d39b330bf083e7094c7d3d05040ea0bcc77c0203fa373a09,0,0,0,0,0,0,0
587,f785b7ade8a045709719f5e0d29efb79fcd2e9ac385ab7b4bb9b13116a7ac2ef,0,0,0,0,0,0,0
588,ea50ba8cd7ba4e447816129cc1565131b19348d5f79f66dd76a0cf6375779113,0,0,0,0,0,0,0
589,efc12a51c45e6be4058c1a705c571ff1671bd07092ceaf849d5cf54629b05e27,0,0,0,0,0,0,0
590,803b46f22fde976ed7858368fddc72a85a3555bd57f6bf427e3be5ab1966d56b,0,0,0,0,0,0,0
591,916fbe39c6b34fa5bbbff43f3b677a981dcf4aade6ac364ecf5d55ffab8d37f8,0,0,0,0,0,0,0
592,351a61b582b6b85fa6295433717a76cf3dbfe77b63a6632ffd44d12f34745105,0,0,0,0,0,0,0
593,03a61dcada007a2bdd56ced2cca1efbf3d049847bc3578d639116aeca2a6ba0d,0,0,0,0,0,0,0
594,544c00a3e8eb76c8808589eb556876b8e5c335581b5b87b54277df91b8f6eeb6,0,0,0,0,0,0,0
595,91a42d30e0c7a57febeedd66d4de27ceba14f2c8dc7474fb05df45a5ab25d22c,0,0,0,0,0,0,0
596,0ab3e7effcadc3f49cde04506528ff3f510ff1b2ebf482ee8760677384908207,0,0,0,0,0,0,0
597,91effe1a8869207c6b200998407c45567553ba0f87cb85eff7935035421ea7a8,0,0,0,0,0,0,0
598,5aad1044bf2867e655c0afe7fe14b86a234afa20cef57d57c2354b2425a2cb95,0,0,0,0,0,0,0
599,f172c6ae065a30d5f7b1e28b4ab276d6d6bb3962f5de14a992beb9ac3b7b800f,0,0,0,0,0,0,0
600,c6398fbab2602b86c29884f6ab0d4a0415260f4780264fc4726df70f07c44de4,0,0,0,0,0,0,0
601,a77244332c71d39d4bc31b26e908c4ae4a084b71d383142c2b781e76b89d5933,0,0,0,0,0,0,0
602,6d4900d026804dfa0bd428641b21bde981cb1c4691883505850348612c84d893,0,0,0,0,0,0,0
603,2d0895ae8498df2c8f2e5317628f3b579cbcb6e7effd07999961854b9b7df598,0,0,0,0,0,0,0
604,7a328eccd08d39aa42e3bdeeac4d63491226e7ec867bca65deb7920276e7c322,0,0,0,0,0,0,0
605,be7ae02532906655b59290fca7ff41c95bd16ad157ac6d32987c1298ae63d3a5,0,0,0,0,0,0,0
606,09ec0f9e3d8fc2a67109011be6c0c4c56cfb381907538f4e5d7fe7d846df4fcb,0,0,0,0,0,0,0
607,a925e5cf105ba874fdbffa1f807828c14667c48a76cb38332d44427b72e4d1cb,0,0,0,0,0,0,0
608,da641a07db14de6ba96c24507b4321d24a2c5e05681b68a96ef2ec51a98bc941,0,0,0,0,0,0,0
609,7f224cc380d58eece054bfb95d025bb72769221f86d8cac6a9208a33b05cb34b,0,0,0,0,0,0,0
610,d8df3058ea4dfb54c8fe486b9fd01ffd06150b8b478614b9853c543a1ab0be12,0,0,0,0,0,0,0
611,cb026a7d4f0d878a55bb71442f6cc9f3385c054a2fd5d4f4f90a1858a2343604,0,0,0,0,0,0,0
612,02bb177e3f77340f95506a72e8cbd9880136bc5b2c8dfda3603368696af61bd1,0,0,0,0,0,0,0
613,d9ed649477775a273bb6eeec4057f6e5baf0c7f1a7b77f78f6a679017b2ac592,0,0,0,0,0,0,0
614,5dc2140550a4c92e02b6ffd62ebf5e9fe50a00f11a9e541efc0c0ce55253820e,0,0,0,0,0,0,0
615,60c47caeab0b4f170d14be5c6bf7771b675e13913c2b5e732693226bee0d3556,0,0,0,0,0,0,0
616,7dd4a4f0e90a737d5eb84c658bc88d9bd09506f405404a62d6942777528d360b,0,0,0,0,0,0,0
617,11df89b94cf4678064f24dad9cee83e2a24f41b6a19ef6ab829de30d3b698d56,0,0,0,0,0,0,0
618,e50c975f57bf028bac949e4b3a0738fc280542db08ee2fd2a83f43531df3dbe1,0,0,0,0,0,0,0
619,7523659941903aff3e760eeed49a2fb3e7465b923d9cc66dbf6614b193cd5caa,0,0,0,0,0,0,0
620,182e96fc4ac37a55e2cab1989a53601a615ff7df0a540fe300c21f0a004aef78,0,0,0,0,0,0,0
621,cb08d0ee15f589abe90047e0f484a70ed0478672d788ff1a7eff69bce945ce17,0,0,0,0,0,0,0
622,d9d26a55d53a62e8deaa6f7c120a4dcad570b6b69e48e48c24ff3fa517386002,0,0,0,0,0,0,0
623,6edc1882543457cc50cd89f74bd15d2e9d94d2725bd0b1ec41eb091f75c38601,0,0,0,0,0,0,0
624,11d48bb19bdba7ad72a1f40aeba0a71597a646e9463420e6bf0d4653c4604194,0,0,0,0,0,0,0
625,65cdcf76475c7f1d36b063a3e57d634731d8f3daac99ad539279ec70948b0afb,0,0,0,0,0,0,0
626,cde899f4a1aa5ecaf3ecc526fb1716b98ca85a3c5231874f3624a9bbb7a019c7,0,0,0,0,0,0,0
627,1d7d45eacc3820e246710e7760fec4d5509e0f05330924a70d9695b309d0a400,0,0,0,0,0,0,0
628,216a6490ffaf3d40d7517d9d52cf4188ebd1d8e7f14ca4182d42f3a4943d76e7,0,0,0,0,0,0,0
629,411dae6f473f2284eb641a988250e22007e62ff9fa2d01feaa3f67f2f6a68cc3,0,0,0,0,0,0,0
630,9d6da40669785a9feac35d8c1fa92db9dd8dcbd309332bba42a3df1c23f2a95b,0,0,0,0,0,0,0
631,c25938f3116e17ecdcbc9208f41ff96bff94f2d685116cf08a135a7eca74d8ab,0,0,0,0,0,0,0
632,965f0e989a49fb5ab1b7e7c3ac9b30db59e94be6892702eab65b8364fe5daa00,0,0,0,0,0,0,0
633,87f6c43f30d8afe220ed060cc90db26902a1b39ef751db086e0facf2727849ed,0,0,0,0,0,0,0
634,25967b843470e3e49547e8c8e0906793c63b16c130296fea65605fa45202bd12,0,0,0,0,0,0,0
635,fc1e3a856d17e95e9317d2a130168aa51bc61f240e3a25e7a1dab4a9870faefa,0,0,0,0,0,0,0
636,cfc0d918a49c47ed3c489a4d6d0ab37c04b85f85ae367cb2d8ebe0642a408145,0,0,0,0,0,0,0
637,5358a7b09225fe7ef734273453ef40aa710990467139a540cf8b569fc8605b65,0,0,0,0,0,0,0
638,99729aafc84e34a3c878cc1a8f9bf45a7515e6df21bc3e7d2dd359ed8e7b5b2a,0,0,0,0,0,0,0
639,053826e9c0fc104dedfbb1a4ee1b0aefd7c758420e3a26518f4865477596883d,0,0,0,0,0,0,0
640,c8f23048cae32eeb9d2540ead325efb5bb53eda66d0f8c5382698fc2760e6b07,0,0,0,0,0,0,0
641,cf583bbeea7385a4e7ffc8e1b66cc1565e258a86623bf71fafdbb536dc930753,0,0,0,0,0,0,0
642,f00cb5b2c84929a74c140798bb42c5ababb8be4f186395d52fe9b560b99d5914,0,0,0,0,0,0,0
643,eaf2272b92ed18e591ccad27e25edf127b4a9a07b9f93730ad7b21f432c96a63,0,0,0,0,0,0,0
644,13977ae93fb34ccb35e0dae7083b4fe696478501a3d03a1247062c4be9ab1357,0,0,0,0,0,0,0
645,9d31a322b9390c718d076efe29563673f37e909224729e11d90faa7392fda075,0,0,0,0,0,0,0
646,a81c21716db0d6c8055474fac3743cf14aa10b88610b9258e46a8d94be4a7108,0,0,0,0,0,0,0
647,eb3588f415a924d0e87aa58a21f0464d694505a028901a3c13351e3958957d45,0,0,0,0,0,0,0
648,d913fb0e52f3f7af09f1cffb6dd43734af011d7b46e7993779fbb6d179401ea5,0,0,0,0,0,0,0
649,7f13897bf35169ae5a981be93dbeb65d12e93ffb03a63709640421aa3f8c892d,0,0,0,0,0,0,0
650,10cac163103c4e46a0d27fe9402dea1f4b17a814878a279fe4eb8b3e186a1440,0,0,0,0,0,0,0
651,021e1601927eae20caba2e9784f4fa795891fd1853b122c49aaf4ca7eb834a9e,0,0,0,0,0,0,0
652,c98c049fd6660f53f0638d0b4046613e240b855139d6ab23385eeb316b06380e,0,0,0,0,0,0,0
653,52f54e72ca110ffb6e03ecfc1db58e19b8b2abc71c3fd5928ace3875b41f268e,0,0,0,0,0,0,0
654,0bdf6bcdee1c1326375695c8f6369465931e8b8817e979443ec8d529329556be,0,0,0,0,0,0,0
655,6c38a1db807915c9dab147adc1bab67662fe928f59330e1b179a22ef0ba6f13a,0,0,0,0,0,0,0
656,cffda84fe275ffdbd510c24f943cf833ab6e80757fe16711dbe4888f5af34be4,0,0,0,0,0,0,0
657,dc6d356464ef7dbc06ab1b056acedcd043beebc4e29e42f3b1589d34bb6c1b60,0,0,0,0,0,0,0
658,562c72ee11776b3c0d6f8e76ca2ed6f748cfcd412e4510d5ef919fbe03c834fb,0,0,0,0,0,0,0
659,e40611fb580900979fa7b1c557bcba454e4fe2c6ae507f931a764e3256fa1804,0,0,0,0,0,0,0
660,1b3e99998fe0f81337c9470d200602b2331da49d5e6c854f478a63b73755d222,0,0,0,0,0,0,0
661,2a66c43abe190eea9a4befb35d771472bc9599e5988a3ad9f0a983f799c06119,0,0,0,0,0,0,0
662,4bcef759ff7b10d720bed04562370c7a0793de1b56cfc2a2cb067e9020394a82,0,0,0,0,0,0,0
663,40563ea2991ada292fb176230550213be091ad914b4114ef8ceac4dbfb7be2be,0,0,0,0,0,0,0
664,629a6bd341c16ffc6b3adae60fc358f2220759deeb1cc68b5bf31e877ac9fe19,0,0,0,0,0,0,0
665,1e93786898ab89c636d5be53dec3fba8a771ad91cd29109a5600ec74cafd1fef,0,0,0,0,0,0,0
666,045d461a24d22663b970ca6044a26849648403b5aadf38dc7799b1209a818e2d,0,0,0,0,0,0,0
667,3554368a57060f12164f25296f9e3ae561c4e99a0bc2c94bafba8451dda86a35,0,0,0,0,0,0,0
668,d0c181b3224f7450179d346e5e4d49cf747f53e89e882c7c6322aa374f12b344,0,0,0,0,0,0,0
669,b40ff1a90a50120919466fbd5977066c52d138a2d92f3bb7da822045cb1c4dde,0,0,0,0,0,0,0
670,0cbf9f20d1cbba6a6af036439d934639708ecc1d62ccb2a2ff88e5caee959cab,0,0,0,0,0,0,0
671,908f1cc201e88862076ac01c978220957ad34bf7c6edc5d6be77bf8929b4eae3,0,0,0,0,0,0,0
672,b9f4208dc3f4fe508648a823e3ada8d7388b7c48890b4eb29c2baa4e8a546c6b,0,0,0,0,0,0,0
673,d3c4576af7f002cbd3fd6b87de1f96c5569ce8238dc9f042c7f30cd8dd263d23,0,0,0,0,0,0,0
674,b2b904d08fb5819aaf12f0284562c105cb0ceb3d17e40e91622192185aa79aa1,0,0,0,0,0,0,0
675,decc3a28141db5287e8a32b56aa6a174a496dc6fd8bbffa1a8017aeccecc71db,0,0,0,0,0,0,0
676,636eb7333dd69233a27c818f6e58acd59b7d356b3f0da40c19d4ac014f664d09,0,0,0,0,0,0,0
677,1bb6736f2e16227b735010abea8feda0d503b03b4686374a8564d2dd321d5d99,0,0,0,0,0,0,0
678,894aee83ce8602c67f07b59d0f5c9bebadf2277881743bbff077fd210a48f204,0,0,0,0,0,0,0
679,855d2e8b440162d80127e7524653550cc05ec8ddf3dce581c42274e0f7c72a22,0,0,0,0,0,0,0
680,ac806dafafba80d0cee760daa7dd0b03b579e338a73024daeb4ef44032ae8bd7,0,0,0,0,0,0,0
681,90171a99c0dd6089d9061c6e0946cedd1ef383a3c8064f13960d2d2b158e33d8,0,0,0,0,0,0,0
682,dcc8b0bca75afd6af4db2a3003a0ef374371bb3bb4ea378eba35144e033b5e87,0,0,0,0,0,0,0
683,2b2372d0d691cbce78f0fe96c3673777f1f35199092ce594b64b566cc284a9c1,0,0,0,0,0,0,0
684,4f092b0c3761b46b8ce0923a1e95f4ab641e61684fce4a0c119430fb67225ca9,0,0,0,0,0,0,0
685,8bac6690d417f7fb7a5d1bb9cb3b391fb51992920a54bcc1bd39e594d5931d44,0,0,0,0,0,0,0
686,40a781937df46c9552afa48dc4b1f4eaa1d985d5d9ff89ea29c41be18a12f98c,0,0,0,0,0,0,0
687,233c369c7417b928d05d46d2bc9e25ab275f76ec81d936de7acab3d15ba16b77,0,0,0,0,0,0,0
688,775e1ca7f2b665dcc69e585ad7b261a97d82f4cfa9e866fa42e1a6ee6c1c353b,0,0,0,0,0,0,0
689,58356034cea3b068522fda58d829db91287c1e4f979f48419fe2a6836f5c630a,0,0,0,0,0,0,0
690,bbb2c756b9eadcada7d6e4fd93b7180f3790b0eb12cc7027f21192d497f41ab9,0,0,0,0,0,0,0
691,f0d15be9d95a7088cf4f42c93c3364345c9cb9b5802aae64a3af06522d90744c,0,0,0,0,0,0,0
692,442775da019ae1be193c1121538ff8ec9e1c76cb06ccf302ae2fa10e7b8ca3e4,0,0,0,0,0,0,0
693,85cc70f740dbed8a8cafcd59db8fac215de0a64c3cbc915cef2204125404676f,0,0,0,0,0,0,0
694,64bf2c734171fff6dc15e1d2d79e581b616edb7f34701a523da93a5720731cf6,0,0,0,0,0,0,0
695,cc86f46705b81e2bdda3ac26a1af73bb7e4448fb09039bef9b86def434570bf9,0,0,0,0,0,0,0
696,740e58d7a5771abc41fa625129f884b6e4e2416106d1a7cd3c9959c6c9137b2f,0,0,0,0,0,0,0
697,f1822df8fe9ad49549bbd21c6d10a11d5b266cdf1f3a1bafb3a5628bea495e27,0,0,0,0,0,0,0
698,48cd4bf46de2696d449589a22bb07ff47477fb838afa846bc8e722aad98ec855,0,0,0,0,0,0,0
699,092cf27577703b95ebed5c83f820a16c03d96c07bf6e90a44c9e0b06e44f3130,0,0,0,0,0,0,0
700,6fc04fb7be481ca24821450fca7b02506fdfd36962e7ff6579199aa447f41bf3,0,0,0,0,0,0,0
701,b01773e9f6c98de5cd28fa77801a9f32b16120dce9e3c8c6e5c76e9f6f578587,0,0,0,0,0,0,0
702,94e1b9ebc489683e73276bafadba56c02ab08dbeca82be7cbbce8ebfc60a02af,0,0,0,0,0,0,0
703,c941e8dfcae99ddcccad9f300e0207a4f751e6b4655d7099c59b38a7ed2324f1,0,0,0,0,0,0,0
704,56fc4189a7a5df28d9052b982a767a69205bebe61a5aaa831bd53ea6901ffd4e,0,0,0,0,0,0,0
705,36582fd9fd4dd0101e571ac978aa70b4d1baf5321ba99eb76a7708ede69b1a38,0,0,0,0,0,0,0
706,5b93fa9122fddd179f672c2627e33e72ce62a2ce93292847d3ffd3bcec7776c8,0,0,0,0,0,0,0
707,e0f550029553dbe2ed87cdcf44a8882b0f24b26798cba4ef2779690bf5ed9471,0,0,0,0,0,0,0
708,59418bf37ba0b8202d6b609ed8a106a818b5653851dfaca7c8c839f87e01cf24,0,0,0,0,0,0,0
709,9fac6bbfdeb46239c2b75348e8d5965da9b629f7630eff8906a5153b9ab1a635,0,0,0,0,0,0,0
710,c7d41b12cf33b7a45439303aa044df746278a40832ffe7528c6476f1c2eac69b,0,0,0,0,0,0,0
711,5f3e00ef33807f2ebe2a688ceaacf00583e29419329bde3a3993869c429148aa,0,0,0,0,0,0,0
712,fd1f07be418f72206d39c6d09a53edb6da6f8027f32efa8b8ad7745feea8dd52,0,0,0,0,0,0,0
713,8b34101fccf3f2bc4eb0024b09d0670f67334061dbfc34eaaded73a1cec7c95e,0,0,0,0,0,0,0
714,5b43f8e80c2dbc73a764f050efc99da747b8e01744d5007d7a3c0d98880c6e81,0,0,0,0,0,0,0
715,ef45681295d63d17f2c89ec1b0da1f190118404051c532ef42d6f7b3301630d3,0,0,0,0,0,0,0
716,fc6cac35fc11396967fcd5f34ed99de32accc92676a585bf8d1594a9f2b6e37c,0,0,0,0,0,0,0
717,496c27a399cf7cc7d87a04cdb47069ea99bc194d9bafad5cc4ed5da8672cca81,0,0,0,0,0,0,0
718,6963cb29c5366f3b867332a2d0cfd855274a44321fbc04375dce9058786d37a7,0,0,0,0,0,0,0
719,48c00d3b3d23516a3268382f6b4f9959cada9ba42d68d7ab6dc34a1ed6ebdd21,0,0,0,0,0,0,0
720,9ab97e371b396f0f9dc5b7921f1fac534d8b4ba90b2aa91f99c9863d8416bcc2,0,0,0,0,0,0,0
721,80514c71ed90b804d11f34a2d209aa05b232e9b360334caabfebb66a63ed4636,0,0,0,0,0,0,0
722,8a4eb2eca66fd91003b9047ab37a8c9bdeb517fa8819d71918ce33153d99b736,0,0,0,0,0,0,0
723,27384d03e04d0f97c0d04cbbae5091adc1ea9fad41fd0dc1e4b6f83b2293702b,0,0,0,0,0,0,0
724,4c30db696d6418fd3e05858690a41985384f10f3c3357a1dd172c7f75d596c77,0,0,0,0,0,0,0
725,86de32652d19a6501e3cd43b3b553774fcc328ac426339505dbd10b0bc935eb2,0,0,0,0,0,0,0
726,48b9d61361238dcfdcb2205dff3fab315a863b0ff27ee84d16d6cad32faa46a0,0,0,0,0,0,0,0
727,02910bfde3be4472ea97d0806a1324fe1a36b952c6f70fb220eda32bd7322904,0,0,0,0,0,0,0
728,f6a3f7d34905d042b3684dcfec7f2f0f6e159eae0a4ac40f90bfafd6af21c19f,0,0,0,0,0,0,0
729,ea03f926bf52304fa695b0e228b58c44ad2fd98975a33a49fcdc748699ada9cf,0,0,0,0,0,0,0
730,ea5e4f3714b0c938444a00dda2b1076ee55f260e449825cae200c43f5b251b24,0,0,0,0,0,0,0
731,6163978570a96151f2854024fb7a3a058ceea04fa6be5d05ae557a9e1562d7e6,0,0,0,0,0,0,0
732,983ab0aec4652dc25cd3d36500745ebf5343b28ffc522c32a043c52bca101f48,0,0,0,0,0,0,0
733,cc8cb646864b3846353417ffdbabcbb03accccb6e155452ae5080b4de8370d74,0,0,0,0,0,0,0
734,40334f99915435f3ba892d403c3252c2c4a11ec8fdea8e918cf8c949205bdffa,0,0,0,0,0,0,0
735,a25d55858a0decbdf934b47ca6f6e58f342ba20a8e3221de7389086b953c60c1,0,0,0,0,0,0,0
736,a7133cc1726abaccdd440cc6b39f02090f4f29517d7551c6c97e05347abaf286,0,0,0,0,0,0,0
737,e26234be48a9bb31148f41f77fd9c62c9b90a1a6eb89cc43ea582a45b6f2566b,0,0,0,0,0,0,0
738,11d0a8ff3291d4fd80caad27bc6557753f2de7cea8ec2c3b6a9b9cb0c45e4fe6,0,0,0,0,0,0,0
739,74cd2a028597c190646f44614d4d6b4d6ffe284a71853716a04418f8ecb8546b,0,0,0,0,0,0,0
740,6a05122f199f174ba4aa61a8b2da040ad6c3e46a264cd941098756765f64a755,0,0,0,0,0,0,0
741,58facc1f6e9490ae3caa06e3f5a78827b4d33df5fd0dbb4448a8a01d97f5b0c7,0,0,0,0,0,0,0
742,071113c7b4250ed766ad45e301d1282568353d39b200a222c2e46665d4282ff8,0,0,0,0,0,0,0
743,53426512aec3f6d03008e1d3a91e1613811abec688f4c6b099f57553d1a568fa,0,0,0,0,0,0,0
744,61a974ea885f75bd0524ce5f0b5295346db82e01a9a2cf147c4e7c09be71c9f9,0,0,0,0,0,0,0
745,d0ffafa18edccc56c5877ae40582db057a8b3771097fb9b32d704d9a40ef382b,0,0,0,0,0,0,0
746,21104685c49f53cb698b910e460602fdea9089bd0225fcfdc722d47aed6e8d1a,0,0,0,0,0,0,0
747,97350944e4927d3a811176a1ecd7539c26f752a4c9f229e5dd01b76ec763f8b8,0,0,0,0,0,0,0
748,81f0fbafd14c3b1e025b604f8077d6caf4cb575ce4e7945602cd76076174e0ce,0,0,0,0,0,0,0
749,6bf7153b2f6a84a5564af48bf46de87638d347f7fbe4f071c203e7ae88280aea,0,0,0,0,0,0,0
750,4cc9e76778b4c204a974d3f9bd750370bfb6d09f2b205961f2cf4a486e981d4d,0,0,0,0,0,0,0
751,639f6122f41e2ef1d5b3845a6200a03c38553b481cd855b2f846ff7f26122e48,0,0,0,0,0,0,0
752,8a088cf40744da2cf1056e5f56f79c84d951e77c1e1b9573f234286dce5cffa8,0,0,0,0,0,0,0
753,7cd68c6caa84e7a19a63fa3f9b3f8e0e3bca1c32e20ef5a3d42769997bb7fbde,0,0,0,0,0,0,0
754,7b35a9c39cb8e9ca773f26c9cf5d00dfffb90cebccc6044b4601c69fb0ba8141,0,0,0,0,0,0,0
755,897c5c1c6c50aefab255ac9e8d735a82f2b4c14260a1d96b94fa58ed02476450,0,0,0,0,0,0,0
756,ddf3529605e3d0d18cb7b4e4ce8c645d4259671974ad2d0953cce5587691765a,0,0,0,0,0,0,0
757,59dbc34ef10083dea630945aa98753f11fd16c8546b6ad9101b7fd914cb007d6,0,0,0,0,0,0,0
758,b07d6a810fb9d07a01f8181a197eaa8755a7a3f9bdc78c26a163544afbdbe615,0,0,0,0,0,0,0
759,f5a31eda9700b956abb1cedc9807baa7db327098aaf3c7e74f47ff956eb51a52,0,0,0,0,0,0,0
760,e0e083c3dae47b4172b92741517b7284a448cbd9909788aed3386889d1f0dfbd,0,0,0,0,0,0,0
761,dbd8ec8f1049bc91c4977f4fa4551e31002aa6108476a426c011617199ae4fee,0,0,0,0,0,0,0
762,a5eb18b3adced88fd7e6ee5d561a820b980ae2ed8ceffabe9a3deaee47dee3ce,0,0,0,0,0,0,0
763,033ced31f7658f04fd06ffe6458a326da9dfd3e275730fd9614910f5c8b2c6e5,0,0,0,0,0,0,0
764,e2e4ca5d020b7d86df0c2ce86f4fa3d0af991ebec483fb626df0e06ecb728569,0,0,0,0,0,0,0
765,fe3b07f2a626d1f3cf6dcb775e63d294a2d6be6c800447e9495ea9d2cddda13b,0,0,0,0,0,0,0
766,b3871c87b6144bcc9f7b67b529e5a43ac099779add404d53d17c5a54706c75c2,0,0,0,0,0,0,0
767,eedcfe0c675d64c984c627f4c6e21da22bc11592f43e1d33c2f3675d70201438,0,0,0,0,0,0,0
768,819b11a1d75f2cf50d34b45d15542cb8fb357ce613e5c802a66a95324e98994b,0,0,0,0,0,0,0
769,337c65b3adefc0087e697b5528ff4370a5d6029e955f7ce4015fe61a6fb40807,0,0,0,0,0,0,0
770,6a215a655eff56a0526428fe50b9b0d938e3a5b9518b1cb6b1d2a5d6323bbccc,0,0,0,0,0,0,0
771,8ea0f97ce01df58472361d8f2f37522da8a94941edfc1059bc18d284ae2c8632,0,0,0,0,0,0,0
772,16552c6070abb29ac5d96ddacef1546eda45b90b1a92bfbc0b1852dc85fd94fe,0,0,0,0,0,0,0
773,3b60766ca71f8d70267df2893b546c2e23486caf2e5cabde20781e880c42443d,0,0,0,0,0,0,0
774,a6a4e0d1093aac98355d3c82fc5bcaa349388afcd7f143b8a411c7ec3a76decc,0,0,0,0,0,0,0
775,499eadf90126fa57e1b733a2f78d2dc2d576174e09000fb8f9843e8daaa69900,0,0,0,0,0,0,0
776,6eb1e3e9e3efab1f9bb590245223df1615d5134ad4ccf59e196f8bc73830af1c,0,0,0,0,0,0,0
777,0e2c2c50e23fce2e5b41c2d9591b15f70dab97453c6a520143b1f5bc60a1fbd3,0,0,0,0,0,0,0
778,36737f41fa430fa19b3b042036304f32e3902b208145cf7ae06ad75258e334a5,0,0,0,0,0,0,0
779,f1b97000ba57559f861e2404f1c7b562a645438e0716ea7b2f7d85de60543881,0,0,0,0,0,0,0
780,7a4e6ea99b6dc28b51b807813b534d3b2d23c268a9fc668fab78a7c7977c7f2b,0,0,0,0,0,0,0
781,cf9db5c6e739bd73cecc6e2f3158c58d8a6de25050263ebf3a332af1df693a94,0,0,0,0,0,0,0
782,877c0ba21089bbfdb42f41fe8b6a081cbb6ec901679a7c0e81d2bbca416d60a8,0,0,0,0,0,0,0
783,70224d642c51c78452103508eef26fd86a21fda8478691d7d0315b4a3f632519,0,0,0,0,0,0,0
784,51fcd299080473b4e15c5ba86a049c26ab4b56a9f12e377b4b0efcb06d28d80e,0,0,0,0,0,0,0
785,c2c255404088efd885b62c1b92867c3f761ad94ec6ef0114efbf40a2b8bccff9,0,0,0,0,0,0,0
786,18e250e3c0793b11d66627999550302d64bc9faad7656ad036b55a8bd591351c,0,0,0,0,0,0,0
787,d7eb6e3670a67dd3c3c3b8698b6e6155f3b3ee2672524b658a7e58e22615847c,0,0,0,0,0,0,0
788,d9238af0907ad35dbabb1c5a04e05318ebd217b84cfe1868d67c9a0c7c0129cb,0,0,0,0,0,0,0
789,788811221b3f33ef6ea49112aca6587ed5f9c35be8072c6653f45353b16e38c1,0,0,0,0,0,0,0
790,250ba596b51306593fe263f5778cdba823e189b06145fd760d1a615ca44f0f8a,0,0,0,0,0,0,0
791,fd0fcef8bb2d4e70ffe2934cbd1b9f6dc07abb1370ad8e418c3a532b233ed1f4,0,0,0,0,0,0,0
792,c0034cc03d82341a2f689cae5d523b578314de7e95d71a837dbfec5114b5b62f,0,0,0,0,0,0,0
793,37cc5115b491888fc5539af48c54b617ee93dd04aceef6ed222a015ea9323c96,0,0,0,0,0,0,0
794,340391201615655af039ff7417ca95b26b95bfaf22fea625deaad5f3a96dc317,0,0,0,0,0,0,0
795,7296b0e50949169511e23473c8485248266adfef45e524c98bf8eadb39845bec,0,0,0,0,0,0,0
796,eb01a38c64c5282ba51752302d3bf8e1252598a0fa2460d44d26c0b6b755ad04,0,0,0,0,0,0,0
797,dcede047f583d91eaac99de9842b22744a91e5cea97be0c33b3b58891fb53868,0,0,0,0,0,0,0
798,8a024d7f625f18b5865660a497c9344f3936b2f4e6c893e9678e5ef80e499a9e,0,0,0,0,0,0,0
799,0dab03b691bf3b02d59ace05874f7f5069d0b55969a8fbcc8f86958d11fef0cc,0,0,0,0,0,0,0
800,000005b7f7c9036618061dad1bef0efc3e2d466773025eb7c593c293a613613c,0,0,0,0,0,0,0
801,000070654b1160bd326e821b0cc67c48c063c9dd161a73fb1a0cdd33e6451fb6,0,0,0,0,0,0,0
802,0000896251a5a7b3a9667e190e1ed72264f27d7a969f13627d2bd03c160a5e3e,0,0,0,0,0,0,0
803,000092ddd2cab31762cfdb7dd6c28b8c5a7ee65a58e5a5b4786a4cca057428cc,0,0,0,0,0,0,0
804,00009a91742efdb611b3b74cc845af18d60876629df72e8c633ef73622ab1dea,0,0,0,0,0,0,0
805,0000b4a15114c094443b386dd99c462d8dca059a6025eea47f28a80767b4cbc2,0,0,0,0,0,0,0
806,0000d9f8021e3f37414ac76f32a60b9cf7c2e37bc5f4ecd86abdd3afc6b13078,0,0,0,0,0,0,0
807,00010b7c0a8b51bfa5eca14f0068670bd7fda4063f9bcac4f02c44a00144a80c,0,0,0,0,0,0,0
808,00011e12d41634bb82a51c96e2f74487664955d76edd844a0ae051ce37e4ce66,0,0,0,0,0,0,0
809,0001720d245def77da58ea28fa42e46d16b81c0ea6e6ef3b236ebfd7e62580b2,0,0,0,0,0,0,0
810,0002148b6d6675de3984317c1ef3d2c4946583be9fe12c25450a5fc40cd802a8,0,0,0,0,0,0,0
811,000215edb35f810ccb3476b68fad70a171a00ecdd0b8812b1214e016595dbafe,0,0,0,0,0,0,0
812,000224a45d4f2c48b77f6e504a0296fdf23e28e2e0495c82a056373050e25894,0,0,0,0,0,0,0
813,00027200efc539a91b34371884391a2d7cb057333148e48fc946337186caac52,0,0,0,0,0,0,0
814,0002cea23945900449d332e25a5be1b03cedce9c2aba750f81102966ff7af4b6,0,0,0,0,0,0,0
815,0003e0e22e794f36dba0c8f00f0ec17af248baf5005264d3bf4b0a554fda9446,0,0,0,0,0,0,0
816,00041fc9629281b8fe9521eb88006b95ff0562e4ef105e70328fe6385d648040,0,0,0,0,0,0,0
817,0004ba1653399af922b2e9424dfa0e5a9b329d63c71f3c838f2c593281161ad2,0,0,0,0,0,0,0
818,0004f6c3d5b6d41a13d2a71d5a0adc1d2b8d612d6eaeba64d00b957d1f7c71fc,0,0,0,0,0,0,0
819,0004f7952e26f970fea76a9b6157af055647bd562438a1f010b32db98b79096e,0,0,0,0,0,0,0
820,0004ff23ceb897d1200dc92dbf8ecf7a89fd51d22acd20a4933442de06c807f2,0,0,0,0,0,0,0
821,0005234dd23da88ebc794d6591d52df4e5bd08b929df7ef235344c771505127c,0,0,0,0,0,0,0
822,0005760363ca2e43896f8e64a974be5167df9832d7564a8d2683a72131a1c9fa,0,0,0,0,0,0,0
823,00058c637579b342d1436f3bdd33c83f62a558a82956f8ba4527a04efc7e655a,0,0,0,0,0,0,0
824,0005da8b39a98c2fc28f82ff21522b4a03beda6943772aa6f4adb0e3aa7772a0,0,0,0,0,0,0,0
825,0006290bbe6fb20002d94d97fc619493dcf8e3992848f4baf6c731f0a06cb36a,0,0,0,0,0,0,0
826,0006665df1b586804a7d5a0916eb357f8d42c32d5ae45f68388b5c2edb78b47c,0,0,0,0,0,0,0
827,00067654eee847108ddd6034ba6f329b4e681a5a53cdfcdccd47b3609a1188f8,0,0,0,0,0,0,0
828,0006b1aa471a9cd5aa824ccb1e20852e528128bf3d78a963e7d9b355c906d056,0,0,0,0,0,0,0
829,0006c270e94b13dd5f6cf2c5279370d858a0f5ae8a4fc7b712606ea194f52c6a,0,0,0,0,0,0,0
830,0006eca2bdcb0c27f363e91035cf93c7957fc9c7cd148302efbe0d3abfcb8904,0,0,0,0,0,0,0
831,00074b5c88bdb80a30858af7297068c32c138959488084896b71def38a6e0fc2,0,0,0,0,0,0,0
832,0007c6f6b4e78cfdb643d98a62c98bcbe9f47627696598f7dbed35d65b9dd4a2,0,0,0,0,0,0,0
833,000813ccc647a5b5ba775b4a00938a6af75ca6ec1e438b175f2dceb9487c642e,0,0,0,0,0,0,0
834,00081470b68a88a67e21d169aaa9827f5efca76320e912f68997d187018b4b60,0,0,0,0,0,0,0
835,000837afb3045e7825129546f3865dc0a9426e902f869faf4d91a4bdc49fceee,0,0,0,0,0,0,0
836,0008398446aeac896729bad3b05cb28c90b729b2b5263f407cb5305ecf8212ea,0,0,0,0,0,0,0
837,000853bc152d507c054b344a6f7c3e3415fcdc35462e75824ab5715ea699f330,0,0,0,0,0,0,0
838,0008542f75898177ae49bcc496121ae73ec17b4fd749f6ead5c9c108ce9df5f2,0,0,0,0,0,0,0
839,00089e961a1628888907889914124260d33023af813d5ac0e4b891ef17e7733a,0,0,0,0,0,0,0
840,0008e6903a35ed48c72c04b1324eca95b233b542617f944bd8f01b05a0cf7de6,0,0,0,0,0,0,0
841,0008f090c9307ff27d542836bfb51652ec9d22fbad9b9c940244e35e6de5e1de,0,0,0,0,0,0,0
842,0009081419e7262a88b3019e1fdd0a488b0a762aa549c0c0e91078a002a7a206,0,0,0,0,0,0,0
843,000917c04699c81ca29ee49307c0fd2f86caa471dbd447eec7b52c5df5d5c50c,0,0,0,0,0,0,0
844,00091ba291fb5091098e65650278a1780dcc32bee221884a3b8cb295fa7a797c,0,0,0,0,0,0,0
845,00095161cba253b8757fa604f253fd176e0bc441b09d76bd29054ab0717dd164,0,0,0,0,0,0,0
846,00096f5f6c5a2eaad2f94ff3f505eaea3f77ba4e457b16b495e1a5ffd84e7876,0,0,0,0,0,0,0
847,0009e7a03a5c3c08c1e4d44a2b08f5bdc2819664b4596a76cf1e29ca675bebea,0,0,0,0,0,0,0
848,0009ff72eabe1d16968c21232ee87c2f860c95003be59bda6be9ae24574f0830,0,0,0,0,0,0,0
849,000a2b739a37a58ebebf0e680b01e71fc9a86d2bf9c63275bb46b49790cf262c,0,0,0,0,0,0,0
850,000a50119ed82290da967af491356367a3d8a708b2323421a0c9e588a2f852ae,0,0,0,0,0,0,0
851,000af006d5d8d752a53e691d7fc1ea42be9dc6031e1229a0e3f78687ce8f79de,0,0,0,0,0,0,0
852,000af55b595f5a177df647af8ddc8429f71bf86aafae23301a612c8e15f23028,0,0,0,0,0,0,0
853,000ba4794d858f3fdff9d5841389e4a55f02cb50869b5c535410d98304c75b02,0,0,0,0,0,0,0
854,000bdecbf64fef36826a64b7ab73bb4e09e31086be1299506a10d18f1d144c70,0,0,0,0,0,0,0
855,000c07055aa7e6f8de63b30ff276ed0b063ef0e40e18014f12b7368508639a1a,0,0,0,0,0,0,0
856,000c30cd21b583282b80f14f8c0591f79fe3d2b1f8847ed606e8eb810c96601c,0,0,0,0,0,0,0
857,000cda30d6cd9c5f27783da2d4e14cd814ba3e330c423820c8d4c8aa0cdc8c1a,0,0,0,0,0,0,0
858,000ce864a8b97df87bc711521a210c6245b6c74630fb0c16180414b25b1be124,0,0,0,0,0,0,0
859,000cfc666d4bb726a5d1e7347ffa91962ff4381439b332ff7de5f5759a0ff12a,0,0,0,0,0,0,0
860,000d5eeaf01d2f341f965bec635c9357f8d0c76bee6013a85393b714954598c4,0,0,0,0,0,0,0
861,000d60c5a5c54a54d8b60468dc19b7fa3fe6c0289036748b5d7fa3ef85b81c7e,0,0,0,0,0,0,0
862,000d640e8e7d5b7ae7e838d0e59b333c8e7b82ebdaba7cd188856785c4e41a6e,0,0,0,0,0,0,0
863,000ec637c2d694443d3da0d91734401bcbfc00ddd8a7cd9484b91d701b5485ea,0,0,0,0,0,0,0
864,000ee14c0ac1040f3286d4f4ce1f3eb8bcef3964adb4acd35e43997bfa3789c2,0,0,0,0,0,0,0
